평가ID,협력사ID,평가시기,신용도점수,품질점수,납기준수율,종합등급
EV00001,V001,2023H1,98.9,85.0,89.8,A
EV00002,V001,2023H2,97.9,80.2,100.0,A
EV00003,V001,2024H1,97.5,96.1,82.2,A
EV00004,V001,2024H2,96.6,81.5,97.5,A
EV00005,V001,2025H1,100.3,82.9,87.3,A
EV00006,V001,2025H2,96.8,100.0,92.4,A
EV00007,V002,2023H1,39.4,50.4,65.0,C
EV00008,V002,2023H2,37.6,42.7,63.1,D
EV00009,V002,2024H1,35.6,64.4,61.8,C
EV00010,V002,2024H2,35.3,62.4,58.9,C
EV00011,V002,2025H1,32.1,52.0,58.7,D
EV00012,V002,2025H2,31.3,52.6,68.6,C
EV00013,V003,2023H1,56.4,55.6,59.3,C
EV00014,V003,2023H2,59.8,64.7,62.4,C
EV00015,V003,2024H1,60.7,53.2,71.9,C
EV00016,V003,2024H2,60.0,74.5,74.7,B
EV00017,V003,2025H1,61.2,58.9,69.9,C
EV00018,V003,2025H2,57.8,63.5,72.7,C
EV00019,V004,2023H1,74.4,85.0,84.1,A
EV00020,V004,2023H2,71.9,79.2,82.8,B
EV00021,V004,2024H1,71.9,77.6,74.6,B
EV00022,V004,2024H2,70.3,83.0,78.9,B
EV00023,V004,2025H1,69.9,70.8,81.0,B
EV00024,V004,2025H2,69.1,90.4,89.7,A
EV00025,V005,2023H1,28.0,36.4,51.5,D
EV00026,V005,2023H2,25.3,60.0,57.2,D
EV00027,V005,2024H1,22.0,53.7,49.6,D
EV00028,V005,2024H2,24.6,40.6,64.6,D
EV00029,V005,2025H1,23.6,36.2,44.4,D
EV00030,V005,2025H2,14.2,68.2,42.3,D
EV00031,V006,2023H1,72.5,76.6,84.7,B
EV00032,V006,2023H2,65.0,75.4,80.8,B
EV00033,V006,2024H1,61.5,65.0,91.9,B
EV00034,V006,2024H2,54.9,76.5,81.5,B
EV00035,V006,2025H1,57.6,75.2,76.1,B
EV00036,V006,2025H2,61.1,75.4,81.7,B
EV00037,V007,2023H1,56.8,70.6,76.9,B
EV00038,V007,2023H2,57.3,54.6,70.9,C
EV00039,V007,2024H1,58.2,69.5,64.5,C
EV00040,V007,2024H2,56.2,76.2,79.8,B
EV00041,V007,2025H1,51.9,72.9,72.2,B
EV00042,V007,2025H2,47.8,68.1,73.5,C
EV00043,V008,2023H1,74.4,89.0,87.6,A
EV00044,V008,2023H2,73.6,78.4,77.3,B
EV00045,V008,2024H1,73.0,76.3,88.6,B
EV00046,V008,2024H2,74.3,89.4,76.2,B
EV00047,V008,2025H1,76.3,74.2,82.1,B
EV00048,V008,2025H2,75.6,77.1,83.9,B
EV00049,V009,2023H1,80.6,84.0,75.8,A
EV00050,V009,2023H2,78.9,75.1,98.5,A
EV00051,V009,2024H1,77.6,86.0,79.8,A
EV00052,V009,2024H2,77.6,69.2,94.6,A
EV00053,V009,2025H1,76.0,88.4,84.8,A
EV00054,V009,2025H2,81.3,80.0,67.6,B
EV00055,V010,2023H1,68.6,93.6,81.6,A
EV00056,V010,2023H2,69.9,70.5,72.0,B
EV00057,V010,2024H1,68.7,72.8,67.9,B
EV00058,V010,2024H2,69.6,81.1,70.8,B
EV00059,V010,2025H1,66.5,85.3,75.5,B
EV00060,V010,2025H2,61.1,66.0,70.9,B
EV00061,V011,2023H1,52.6,77.5,69.1,B
EV00062,V011,2023H2,47.6,63.1,64.6,C
EV00063,V011,2024H1,46.3,77.2,60.1,C
EV00064,V011,2024H2,45.1,60.7,66.9,C
EV00065,V011,2025H1,44.7,58.7,66.8,C
EV00066,V011,2025H2,42.9,87.7,84.8,B
EV00067,V012,2023H1,45.8,66.1,74.9,C
EV00068,V012,2023H2,46.4,71.8,70.4,C
EV00069,V012,2024H1,45.4,53.0,72.4,C
EV00070,V012,2024H2,45.8,58.0,66.3,C
EV00071,V012,2025H1,41.6,71.0,68.3,C
EV00072,V012,2025H2,43.6,67.6,63.5,C
EV00073,V013,2023H1,49.0,52.9,59.5,C
EV00074,V013,2023H2,44.1,56.4,68.9,C
EV00075,V013,2024H1,40.2,66.1,76.7,C
EV00076,V013,2024H2,35.6,56.7,55.5,D
EV00077,V013,2025H1,28.5,60.1,67.7,C
EV00078,V013,2025H2,27.8,59.6,58.3,D
EV00079,V014,2023H1,104.3,83.7,100.0,A
EV00080,V014,2023H2,112.4,100.0,96.9,A
EV00081,V014,2024H1,109.3,89.1,95.3,A
EV00082,V014,2024H2,109.5,96.6,87.3,A
EV00083,V014,2025H1,109.8,100.0,100.0,A
EV00084,V014,2025H2,110.0,89.0,76.5,A
EV00085,V015,2023H1,65.9,63.1,71.2,B
EV00086,V015,2023H2,68.7,75.3,77.9,B
EV00087,V015,2024H1,63.4,81.3,66.6,B
EV00088,V015,2024H2,65.7,77.1,71.7,B
EV00089,V015,2025H1,65.1,78.9,74.7,B
EV00090,V015,2025H2,59.6,72.8,68.1,B
EV00091,V016,2023H1,32.2,63.5,53.2,D
EV00092,V016,2023H2,26.2,61.5,47.4,D
EV00093,V016,2024H1,19.8,54.5,64.3,D
EV00094,V016,2024H2,20.2,50.6,54.5,D
EV00095,V016,2025H1,21.7,53.4,70.1,D
EV00096,V016,2025H2,18.3,50.5,59.8,D
EV00097,V017,2023H1,75.3,75.9,74.0,B
EV00098,V017,2023H2,73.6,72.7,78.7,B
EV00099,V017,2024H1,74.4,85.0,68.1,B
EV00100,V017,2024H2,74.6,65.3,70.3,B
EV00101,V017,2025H1,73.0,93.1,89.7,A
EV00102,V017,2025H2,66.9,67.2,85.3,B
EV00103,V018,2023H1,63.3,59.7,78.8,B
EV00104,V018,2023H2,59.7,63.1,67.0,C
EV00105,V018,2024H1,56.0,77.8,83.8,B
EV00106,V018,2024H2,53.8,68.4,78.7,B
EV00107,V018,2025H1,57.3,69.1,85.2,B
EV00108,V018,2025H2,55.0,82.3,76.1,B
EV00109,V019,2023H1,62.9,55.2,70.1,C
EV00110,V019,2023H2,63.9,60.5,79.0,B
EV00111,V019,2024H1,55.8,65.3,75.4,B
EV00112,V019,2024H2,53.1,66.1,77.5,B
EV00113,V019,2025H1,54.7,78.3,76.4,B
EV00114,V019,2025H2,54.8,87.0,64.7,B
EV00115,V020,2023H1,98.1,84.5,87.4,A
EV00116,V020,2023H2,98.4,90.1,86.8,A
EV00117,V020,2024H1,100.7,77.1,100.0,A
EV00118,V020,2024H2,98.0,79.2,99.4,A
EV00119,V020,2025H1,98.8,87.9,100.0,A
EV00120,V020,2025H2,101.8,77.5,87.0,A
EV00121,V021,2023H1,68.7,81.4,76.3,B
EV00122,V021,2023H2,73.3,76.8,80.8,B
EV00123,V021,2024H1,74.3,77.3,66.3,B
EV00124,V021,2024H2,75.2,79.5,84.3,B
EV00125,V021,2025H1,78.4,66.2,73.8,B
EV00126,V021,2025H2,79.5,76.3,67.4,B
EV00127,V022,2023H1,43.3,46.9,67.5,C
EV00128,V022,2023H2,41.4,61.8,69.1,C
EV00129,V022,2024H1,38.4,68.7,49.0,C
EV00130,V022,2024H2,40.3,61.7,65.7,C
EV00131,V022,2025H1,40.3,62.7,76.7,C
EV00132,V022,2025H2,36.2,56.8,69.3,C
EV00133,V023,2023H1,71.3,64.2,100.0,B
EV00134,V023,2023H2,69.2,72.9,73.2,B
EV00135,V023,2024H1,70.8,79.1,78.3,B
EV00136,V023,2024H2,65.7,70.8,85.6,B
EV00137,V023,2025H1,65.3,69.9,62.0,B
EV00138,V023,2025H2,65.0,78.6,84.9,B
EV00139,V024,2023H1,67.7,72.6,80.0,B
EV00140,V024,2023H2,63.5,69.5,68.7,B
EV00141,V024,2024H1,66.9,70.4,83.2,B
EV00142,V024,2024H2,61.9,71.7,61.1,C
EV00143,V024,2025H1,60.1,68.1,70.2,B
EV00144,V024,2025H2,57.5,64.5,66.2,C
EV00145,V025,2023H1,37.3,68.1,48.7,C
EV00146,V025,2023H2,35.2,55.1,59.5,D
EV00147,V025,2024H1,34.5,55.2,66.8,C
EV00148,V025,2024H2,33.5,73.7,58.3,C
EV00149,V025,2025H1,31.5,72.1,65.9,C
EV00150,V025,2025H2,25.8,66.5,55.2,D
EV00151,V026,2023H1,78.1,75.5,95.2,A
EV00152,V026,2023H2,76.8,79.8,83.3,B
EV00153,V026,2024H1,77.2,77.0,86.3,A
EV00154,V026,2024H2,80.7,73.5,88.8,A
EV00155,V026,2025H1,74.9,72.1,77.2,B
EV00156,V026,2025H2,74.6,71.0,91.4,B
EV00157,V027,2023H1,48.2,64.1,67.1,C
EV00158,V027,2023H2,46.8,74.4,60.5,C
EV00159,V027,2024H1,46.8,74.4,69.9,C
EV00160,V027,2024H2,43.2,53.7,69.5,C
EV00161,V027,2025H1,40.6,68.0,64.7,C
EV00162,V027,2025H2,43.2,64.3,76.9,C
EV00163,V028,2023H1,72.1,72.0,79.4,B
EV00164,V028,2023H2,71.3,84.7,80.8,B
EV00165,V028,2024H1,71.3,73.9,67.7,B
EV00166,V028,2024H2,72.0,63.0,86.4,B
EV00167,V028,2025H1,72.9,78.4,80.5,B
EV00168,V028,2025H2,71.9,60.9,77.5,B
EV00169,V029,2023H1,51.8,74.5,73.8,B
EV00170,V029,2023H2,45.0,84.8,69.0,B
EV00171,V029,2024H1,43.5,72.3,63.0,C
EV00172,V029,2024H2,44.8,60.6,70.9,C
EV00173,V029,2025H1,38.0,54.0,75.5,C
EV00174,V029,2025H2,36.9,51.6,74.7,C
EV00175,V030,2023H1,59.9,80.4,77.9,B
EV00176,V030,2023H2,60.7,64.8,81.6,B
EV00177,V030,2024H1,60.5,62.5,74.8,B
EV00178,V030,2024H2,58.6,68.2,72.9,B
EV00179,V030,2025H1,57.1,76.1,76.9,B
EV00180,V030,2025H2,55.7,66.8,61.8,C
EV00181,V031,2023H1,100.5,90.3,90.9,A
EV00182,V031,2023H2,97.7,100.0,91.2,A
EV00183,V031,2024H1,98.4,99.1,96.1,A
EV00184,V031,2024H2,95.3,96.2,100.0,A
EV00185,V031,2025H1,94.0,88.3,91.0,A
EV00186,V031,2025H2,91.2,87.8,93.7,A
EV00187,V032,2023H1,52.3,53.8,71.2,C
EV00188,V032,2023H2,50.6,62.3,63.9,C
EV00189,V032,2024H1,47.8,70.1,67.1,C
EV00190,V032,2024H2,48.9,69.6,63.9,C
EV00191,V032,2025H1,50.8,56.0,77.5,C
EV00192,V032,2025H2,54.9,80.5,73.3,B
EV00193,V033,2023H1,54.5,74.2,62.7,C
EV00194,V033,2023H2,51.1,68.3,54.8,C
EV00195,V033,2024H1,48.7,53.8,73.0,C
EV00196,V033,2024H2,48.3,70.9,73.4,C
EV00197,V033,2025H1,45.0,57.4,74.6,C
EV00198,V033,2025H2,46.0,59.5,61.7,C
EV00199,V034,2023H1,52.0,71.8,71.4,B
EV00200,V034,2023H2,51.1,70.9,67.7,C
EV00201,V034,2024H1,53.0,72.4,65.0,C
EV00202,V034,2024H2,54.6,70.7,69.0,C
EV00203,V034,2025H1,51.7,79.3,67.7,B
EV00204,V034,2025H2,50.2,52.0,65.3,C
EV00205,V035,2023H1,55.8,68.4,71.6,B
EV00206,V035,2023H2,52.9,64.4,67.6,C
EV00207,V035,2024H1,53.9,70.0,75.8,B
EV00208,V035,2024H2,58.7,77.7,71.7,B
EV00209,V035,2025H1,51.7,58.9,65.7,C
EV00210,V035,2025H2,47.5,65.3,70.0,C
EV00211,V036,2023H1,54.0,62.9,57.2,C
EV00212,V036,2023H2,53.5,64.1,75.1,C
EV00213,V036,2024H1,49.3,63.3,62.5,C
EV00214,V036,2024H2,47.0,64.8,60.5,C
EV00215,V036,2025H1,38.7,65.7,71.7,C
EV00216,V036,2025H2,34.8,57.7,67.2,C
EV00217,V037,2023H1,83.8,99.3,79.0,A
EV00218,V037,2023H2,78.3,83.4,83.4,A
EV00219,V037,2024H1,80.3,90.6,82.6,A
EV00220,V037,2024H2,81.3,82.9,84.1,A
EV00221,V037,2025H1,80.0,86.2,87.8,A
EV00222,V037,2025H2,79.2,72.6,77.2,B
EV00223,V038,2023H1,75.4,85.8,83.7,A
EV00224,V038,2023H2,73.7,67.4,88.4,B
EV00225,V038,2024H1,71.5,64.9,81.5,B
EV00226,V038,2024H2,69.7,73.6,91.1,B
EV00227,V038,2025H1,71.1,65.5,96.7,B
EV00228,V038,2025H2,66.7,95.2,84.0,A
EV00229,V039,2023H1,73.1,74.5,86.4,B
EV00230,V039,2023H2,71.8,73.1,72.9,B
EV00231,V039,2024H1,75.3,82.6,86.7,A
EV00232,V039,2024H2,74.1,66.3,81.1,B
EV00233,V039,2025H1,77.7,76.5,94.9,A
EV00234,V039,2025H2,78.1,64.7,80.7,B
EV00235,V040,2023H1,80.5,69.2,82.5,B
EV00236,V040,2023H2,79.0,81.9,80.4,A
EV00237,V040,2024H1,74.9,68.4,91.9,B
EV00238,V040,2024H2,73.0,93.3,82.9,A
EV00239,V040,2025H1,70.1,88.3,81.9,A
EV00240,V040,2025H2,65.0,75.9,82.8,B
EV00241,V041,2023H1,78.0,74.9,87.3,A
EV00242,V041,2023H2,76.0,91.4,90.3,A
EV00243,V041,2024H1,74.3,87.7,85.1,A
EV00244,V041,2024H2,74.8,80.7,75.5,B
EV00245,V041,2025H1,77.6,77.4,77.5,B
EV00246,V041,2025H2,75.4,81.8,79.5,B
EV00247,V042,2023H1,64.8,68.8,78.6,B
EV00248,V042,2023H2,66.9,69.2,72.3,B
EV00249,V042,2024H1,60.9,77.2,85.1,B
EV00250,V042,2024H2,59.4,65.8,76.4,B
EV00251,V042,2025H1,60.0,74.0,80.4,B
EV00252,V042,2025H2,60.7,80.5,77.7,B
EV00253,V043,2023H1,58.8,73.1,72.0,B
EV00254,V043,2023H2,64.0,74.5,69.5,B
EV00255,V043,2024H1,62.2,58.4,78.1,B
EV00256,V043,2024H2,62.0,85.1,69.4,B
EV00257,V043,2025H1,59.9,72.3,67.7,B
EV00258,V043,2025H2,58.7,65.6,81.3,B
EV00259,V044,2023H1,66.7,94.4,77.8,B
EV00260,V044,2023H2,64.7,78.0,76.9,B
EV00261,V044,2024H1,62.9,65.7,62.3,C
EV00262,V044,2024H2,58.3,74.8,74.2,B
EV00263,V044,2025H1,62.1,84.7,75.0,B
EV00264,V044,2025H2,60.2,70.6,75.1,B
EV00265,V045,2023H1,65.1,81.0,89.7,B
EV00266,V045,2023H2,65.3,75.7,76.8,B
EV00267,V045,2024H1,59.1,78.0,82.9,B
EV00268,V045,2024H2,59.3,77.0,73.0,B
EV00269,V045,2025H1,60.6,75.7,84.5,B
EV00270,V045,2025H2,60.1,87.0,78.4,B
EV00271,V046,2023H1,35.3,53.1,71.7,C
EV00272,V046,2023H2,32.8,58.0,57.5,D
EV00273,V046,2024H1,31.1,68.8,60.6,C
EV00274,V046,2024H2,31.6,58.3,58.1,D
EV00275,V046,2025H1,29.4,62.0,57.6,D
EV00276,V046,2025H2,31.1,48.9,69.3,D
EV00277,V047,2023H1,50.2,81.4,77.4,B
EV00278,V047,2023H2,47.2,44.8,80.5,C
EV00279,V047,2024H1,45.1,73.6,64.2,C
EV00280,V047,2024H2,44.6,48.1,67.0,C
EV00281,V047,2025H1,45.1,65.4,66.3,C
EV00282,V047,2025H2,44.3,68.0,69.9,C
EV00283,V048,2023H1,73.7,71.5,77.8,B
EV00284,V048,2023H2,70.1,82.0,77.3,B
EV00285,V048,2024H1,69.7,79.3,84.7,B
EV00286,V048,2024H2,72.7,84.6,92.1,A
EV00287,V048,2025H1,69.3,81.9,67.0,B
EV00288,V048,2025H2,72.9,77.6,79.5,B
EV00289,V049,2023H1,87.3,78.0,89.8,A
EV00290,V049,2023H2,83.8,77.0,94.4,A
EV00291,V049,2024H1,84.9,75.4,86.1,A
EV00292,V049,2024H2,91.0,93.4,85.7,A
EV00293,V049,2025H1,92.4,91.4,83.5,A
EV00294,V049,2025H2,90.4,85.1,85.0,A
EV00295,V050,2023H1,56.4,75.6,91.6,B
EV00296,V050,2023H2,51.9,68.5,65.5,C
EV00297,V050,2024H1,50.9,61.4,85.3,B
EV00298,V050,2024H2,48.5,64.7,67.2,C
EV00299,V050,2025H1,42.6,75.7,58.3,C
EV00300,V050,2025H2,40.3,72.0,68.9,C
EV00301,V051,2023H1,63.1,82.9,86.5,B
EV00302,V051,2023H2,58.4,70.5,77.7,B
EV00303,V051,2024H1,59.5,71.7,81.9,B
EV00304,V051,2024H2,58.7,57.5,83.7,B
EV00305,V051,2025H1,59.2,76.1,75.9,B
EV00306,V051,2025H2,59.9,91.5,82.4,B
EV00307,V052,2023H1,53.6,70.8,69.2,C
EV00308,V052,2023H2,55.0,65.1,62.4,C
EV00309,V052,2024H1,53.6,76.4,59.1,C
EV00310,V052,2024H2,49.5,72.0,62.4,C
EV00311,V052,2025H1,49.9,61.2,77.0,C
EV00312,V052,2025H2,50.1,52.9,70.2,C
EV00313,V053,2023H1,60.1,64.1,84.7,B
EV00314,V053,2023H2,55.6,68.5,80.7,B
EV00315,V053,2024H1,52.4,77.3,78.3,B
EV00316,V053,2024H2,52.3,78.3,75.7,B
EV00317,V053,2025H1,50.1,76.0,63.5,C
EV00318,V053,2025H2,57.7,80.8,76.4,B
EV00319,V054,2023H1,53.6,69.0,68.9,C
EV00320,V054,2023H2,52.2,76.6,72.9,B
EV00321,V054,2024H1,52.7,64.1,65.9,C
EV00322,V054,2024H2,54.0,82.8,75.4,B
EV00323,V054,2025H1,53.4,66.6,54.0,C
EV00324,V054,2025H2,50.9,67.5,62.8,C
EV00325,V055,2023H1,40.3,66.4,72.1,C
EV00326,V055,2023H2,38.8,68.6,69.4,C
EV00327,V055,2024H1,38.9,62.7,63.1,C
EV00328,V055,2024H2,38.8,66.8,50.9,C
EV00329,V055,2025H1,42.6,55.8,61.8,C
EV00330,V055,2025H2,37.1,53.3,58.9,D
EV00331,V056,2023H1,95.9,97.9,93.0,A
EV00332,V056,2023H2,97.4,77.2,81.7,A
EV00333,V056,2024H1,99.6,92.8,95.2,A
EV00334,V056,2024H2,102.6,85.1,99.5,A
EV00335,V056,2025H1,105.1,93.1,96.2,A
EV00336,V056,2025H2,106.9,92.0,92.0,A
EV00337,V057,2023H1,74.2,94.3,86.0,A
EV00338,V057,2023H2,68.9,69.9,87.6,B
EV00339,V057,2024H1,70.1,88.9,81.9,A
EV00340,V057,2024H2,68.1,74.1,84.9,B
EV00341,V057,2025H1,61.6,73.4,80.2,B
EV00342,V057,2025H2,63.5,83.0,85.7,B
EV00343,V058,2023H1,50.7,72.3,75.4,B
EV00344,V058,2023H2,47.8,60.2,60.2,C
EV00345,V058,2024H1,47.1,58.1,62.4,C
EV00346,V058,2024H2,49.6,61.0,63.4,C
EV00347,V058,2025H1,49.3,68.2,73.5,C
EV00348,V058,2025H2,48.5,58.1,69.2,C
EV00349,V059,2023H1,89.2,83.8,80.7,A
EV00350,V059,2023H2,92.9,77.9,99.4,A
EV00351,V059,2024H1,92.7,85.2,95.5,A
EV00352,V059,2024H2,100.0,95.6,91.8,A
EV00353,V059,2025H1,101.2,83.5,96.7,A
EV00354,V059,2025H2,100.3,82.6,94.7,A
EV00355,V060,2023H1,67.9,84.5,69.6,B
EV00356,V060,2023H2,68.9,83.2,86.5,B
EV00357,V060,2024H1,65.8,82.0,65.8,B
EV00358,V060,2024H2,66.6,66.9,82.8,B
EV00359,V060,2025H1,66.0,73.5,61.0,B
EV00360,V060,2025H2,71.1,79.4,80.0,B
EV00361,V061,2023H1,54.8,64.7,70.0,C
EV00362,V061,2023H2,52.5,58.4,79.1,C
EV00363,V061,2024H1,53.4,67.0,73.7,C
EV00364,V061,2024H2,59.0,70.4,69.2,B
EV00365,V061,2025H1,57.6,68.0,72.8,B
EV00366,V061,2025H2,56.9,69.9,52.4,C
EV00367,V062,2023H1,60.5,70.7,77.9,B
EV00368,V062,2023H2,56.5,71.6,58.5,C
EV00369,V062,2024H1,52.6,83.0,67.9,B
EV00370,V062,2024H2,49.3,65.2,73.6,C
EV00371,V062,2025H1,47.5,67.5,78.9,C
EV00372,V062,2025H2,50.4,79.5,75.5,B
EV00373,V063,2023H1,78.2,89.1,91.0,A
EV00374,V063,2023H2,76.4,88.8,72.1,B
EV00375,V063,2024H1,72.8,77.6,75.6,B
EV00376,V063,2024H2,75.3,88.3,89.7,A
EV00377,V063,2025H1,77.9,84.9,95.9,A
EV00378,V063,2025H2,77.8,84.5,71.8,B
EV00379,V064,2023H1,58.8,69.5,72.2,B
EV00380,V064,2023H2,59.0,63.8,74.4,B
EV00381,V064,2024H1,58.9,65.3,73.0,B
EV00382,V064,2024H2,52.5,68.6,89.5,B
EV00383,V064,2025H1,52.6,69.9,69.7,C
EV00384,V064,2025H2,53.2,66.7,82.6,B
EV00385,V065,2023H1,54.0,63.4,73.7,C
EV00386,V065,2023H2,50.5,78.3,67.2,B
EV00387,V065,2024H1,49.1,72.0,75.2,B
EV00388,V065,2024H2,43.3,89.3,79.3,B
EV00389,V065,2025H1,36.4,56.6,73.9,C
EV00390,V065,2025H2,34.4,78.6,73.0,C
EV00391,V066,2023H1,72.1,71.0,82.7,B
EV00392,V066,2023H2,67.9,67.2,84.4,B
EV00393,V066,2024H1,65.5,68.3,85.4,B
EV00394,V066,2024H2,66.1,80.6,93.5,A
EV00395,V066,2025H1,65.0,69.3,81.8,B
EV00396,V066,2025H2,69.0,86.6,73.9,B
EV00397,V067,2023H1,35.4,55.3,76.6,C
EV00398,V067,2023H2,36.6,72.2,48.3,C
EV00399,V067,2024H1,33.5,67.2,75.1,C
EV00400,V067,2024H2,37.5,59.1,47.5,D
EV00401,V067,2025H1,34.0,47.4,54.5,D
EV00402,V067,2025H2,29.0,63.7,64.9,C
EV00403,V068,2023H1,45.3,62.6,60.1,C
EV00404,V068,2023H2,45.1,64.8,49.7,C
EV00405,V068,2024H1,47.4,44.5,62.4,C
EV00406,V068,2024H2,46.3,68.2,62.0,C
EV00407,V068,2025H1,40.1,70.2,65.6,C
EV00408,V068,2025H2,40.0,54.3,69.5,C
EV00409,V069,2023H1,46.8,53.6,66.7,C
EV00410,V069,2023H2,43.9,77.7,61.9,C
EV00411,V069,2024H1,38.9,72.4,65.3,C
EV00412,V069,2024H2,37.0,53.3,86.6,C
EV00413,V069,2025H1,37.5,69.3,72.5,C
EV00414,V069,2025H2,35.1,56.9,73.5,C
EV00415,V070,2023H1,44.9,57.4,56.9,C
EV00416,V070,2023H2,44.6,69.1,70.5,C
EV00417,V070,2024H1,45.7,65.7,60.4,C
EV00418,V070,2024H2,41.8,64.1,57.7,C
EV00419,V070,2025H1,37.0,57.3,61.3,C
EV00420,V070,2025H2,38.6,74.4,50.8,C
EV00421,V071,2023H1,34.6,54.2,63.0,C
EV00422,V071,2023H2,33.1,59.4,55.5,D
EV00423,V071,2024H1,37.6,53.9,58.9,C
EV00424,V071,2024H2,28.4,49.6,58.3,D
EV00425,V071,2025H1,30.5,57.8,54.8,D
EV00426,V071,2025H2,32.0,65.4,59.8,C
EV00427,V072,2023H1,78.5,64.6,90.3,B
EV00428,V072,2023H2,81.8,78.3,77.1,B
EV00429,V072,2024H1,80.2,77.5,83.9,A
EV00430,V072,2024H2,79.8,63.2,88.6,B
EV00431,V072,2025H1,79.6,81.4,84.4,A
EV00432,V072,2025H2,75.7,81.6,85.5,A
EV00433,V073,2023H1,71.1,72.7,78.2,B
EV00434,V073,2023H2,71.8,76.0,76.3,B
EV00435,V073,2024H1,70.3,69.8,77.9,B
EV00436,V073,2024H2,75.1,67.3,77.0,B
EV00437,V073,2025H1,79.2,62.8,71.0,B
EV00438,V073,2025H2,78.5,74.2,73.0,B
EV00439,V074,2023H1,77.7,89.0,79.1,A
EV00440,V074,2023H2,72.9,80.0,81.4,B
EV00441,V074,2024H1,71.9,67.0,76.7,B
EV00442,V074,2024H2,67.0,68.2,83.2,B
EV00443,V074,2025H1,64.8,81.7,100.0,A
EV00444,V074,2025H2,62.9,87.5,90.6,A
EV00445,V075,2023H1,66.2,66.7,75.5,B
EV00446,V075,2023H2,61.8,80.8,81.4,B
EV00447,V075,2024H1,59.5,79.3,86.2,B
EV00448,V075,2024H2,58.5,76.1,80.3,B
EV00449,V075,2025H1,53.9,73.5,72.4,B
EV00450,V075,2025H2,55.8,71.0,74.3,B
EV00451,V076,2023H1,61.5,72.4,68.4,B
EV00452,V076,2023H2,64.0,69.5,68.3,B
EV00453,V076,2024H1,56.7,75.2,69.9,B
EV00454,V076,2024H2,59.2,90.4,80.1,B
EV00455,V076,2025H1,57.6,71.5,75.3,B
EV00456,V076,2025H2,60.1,70.5,82.1,B
EV00457,V077,2023H1,78.7,79.4,92.7,A
EV00458,V077,2023H2,81.9,84.6,73.8,A
EV00459,V077,2024H1,80.8,96.7,80.0,A
EV00460,V077,2024H2,82.8,81.9,86.1,A
EV00461,V077,2025H1,78.6,71.1,88.9,B
EV00462,V077,2025H2,80.1,70.0,83.7,B
EV00463,V078,2023H1,70.0,84.3,81.4,B
EV00464,V078,2023H2,75.6,84.5,75.0,B
EV00465,V078,2024H1,79.7,76.1,69.8,B
EV00466,V078,2024H2,79.0,68.7,74.9,B
EV00467,V078,2025H1,78.2,85.8,68.4,B
EV00468,V078,2025H2,84.4,77.1,92.3,A
EV00469,V079,2023H1,99.1,87.6,97.6,A
EV00470,V079,2023H2,98.9,90.9,100.0,A
EV00471,V079,2024H1,98.8,82.4,86.4,A
EV00472,V079,2024H2,97.3,90.0,84.8,A
EV00473,V079,2025H1,94.9,92.7,85.6,A
EV00474,V079,2025H2,96.2,98.6,84.3,A
EV00475,V080,2023H1,64.3,81.8,73.7,B
EV00476,V080,2023H2,62.6,77.1,76.7,B
EV00477,V080,2024H1,60.2,73.7,84.0,B
EV00478,V080,2024H2,56.4,76.3,79.6,B
EV00479,V080,2025H1,57.6,72.4,61.7,C
EV00480,V080,2025H2,57.9,61.3,72.9,C
EV00481,V081,2023H1,83.0,71.2,75.9,B
EV00482,V081,2023H2,81.5,80.6,85.2,A
EV00483,V081,2024H1,82.1,75.7,87.8,A
EV00484,V081,2024H2,81.7,69.7,72.7,B
EV00485,V081,2025H1,80.6,68.3,84.5,B
EV00486,V081,2025H2,79.3,67.5,76.5,B
EV00487,V082,2023H1,43.7,68.0,77.3,C
EV00488,V082,2023H2,41.3,66.5,50.7,C
EV00489,V082,2024H1,39.0,48.7,57.6,D
EV00490,V082,2024H2,39.2,59.3,58.1,C
EV00491,V082,2025H1,37.5,67.9,58.1,C
EV00492,V082,2025H2,41.9,54.7,62.3,C
EV00493,V083,2023H1,82.4,83.2,84.3,A
EV00494,V083,2023H2,79.6,75.8,82.8,B
EV00495,V083,2024H1,84.2,95.6,76.7,A
EV00496,V083,2024H2,90.6,75.3,86.1,A
EV00497,V083,2025H1,86.7,83.6,88.7,A
EV00498,V083,2025H2,85.5,87.4,80.0,A
EV00499,V084,2023H1,57.4,72.9,81.1,B
EV00500,V084,2023H2,49.6,79.7,69.4,B
EV00501,V084,2024H1,44.9,77.1,76.8,B
EV00502,V084,2024H2,45.6,72.3,82.3,B
EV00503,V084,2025H1,47.7,61.3,64.1,C
EV00504,V084,2025H2,46.2,69.6,72.9,C
EV00505,V085,2023H1,61.9,87.2,71.1,B
EV00506,V085,2023H2,59.4,73.6,74.3,B
EV00507,V085,2024H1,61.8,66.0,68.5,B
EV00508,V085,2024H2,57.3,68.1,78.2,B
EV00509,V085,2025H1,58.4,78.4,75.6,B
EV00510,V085,2025H2,58.4,68.4,61.9,C
EV00511,V086,2023H1,44.4,68.5,70.0,C
EV00512,V086,2023H2,47.1,54.0,54.5,C
EV00513,V086,2024H1,45.3,67.2,70.0,C
EV00514,V086,2024H2,45.9,74.7,69.8,C
EV00515,V086,2025H1,41.9,68.4,61.7,C
EV00516,V086,2025H2,39.8,69.0,54.5,C
EV00517,V087,2023H1,58.2,74.7,69.6,B
EV00518,V087,2023H2,55.4,84.1,80.6,B
EV00519,V087,2024H1,60.5,67.4,79.2,B
EV00520,V087,2024H2,63.2,77.0,67.5,B
EV00521,V087,2025H1,64.3,59.3,64.0,C
EV00522,V087,2025H2,66.6,73.7,76.4,B
EV00523,V088,2023H1,52.2,67.2,54.2,C
EV00524,V088,2023H2,52.1,69.8,71.8,C
EV00525,V088,2024H1,55.1,73.6,75.7,B
EV00526,V088,2024H2,51.5,60.6,70.5,C
EV00527,V088,2025H1,52.0,74.1,79.4,B
EV00528,V088,2025H2,53.5,62.5,73.5,C
EV00529,V089,2023H1,43.2,68.5,60.3,C
EV00530,V089,2023H2,43.6,49.8,64.2,C
EV00531,V089,2024H1,39.7,54.4,61.5,C
EV00532,V089,2024H2,38.0,49.1,67.3,C
EV00533,V089,2025H1,37.9,76.2,67.2,C
EV00534,V089,2025H2,31.3,49.9,66.4,D
EV00535,V090,2023H1,47.5,58.4,72.6,C
EV00536,V090,2023H2,47.3,60.8,66.6,C
EV00537,V090,2024H1,46.8,58.0,70.8,C
EV00538,V090,2024H2,43.6,72.6,63.0,C
EV00539,V090,2025H1,40.9,63.4,67.1,C
EV00540,V090,2025H2,39.1,61.5,59.4,C
EV00541,V091,2023H1,44.1,61.0,69.9,C
EV00542,V091,2023H2,45.1,66.7,76.3,C
EV00543,V091,2024H1,45.1,58.4,72.1,C
EV00544,V091,2024H2,47.9,69.4,69.0,C
EV00545,V091,2025H1,45.5,60.6,67.8,C
EV00546,V091,2025H2,39.9,76.2,68.2,C
EV00547,V092,2023H1,54.3,73.0,63.1,C
EV00548,V092,2023H2,50.5,71.1,68.8,C
EV00549,V092,2024H1,51.0,73.6,80.6,B
EV00550,V092,2024H2,45.5,65.0,77.4,C
EV00551,V092,2025H1,44.0,65.4,67.0,C
EV00552,V092,2025H2,48.2,69.8,67.0,C
EV00553,V093,2023H1,87.2,85.0,100.0,A
EV00554,V093,2023H2,85.8,88.7,85.2,A
EV00555,V093,2024H1,83.8,81.7,94.5,A
EV00556,V093,2024H2,80.0,80.5,84.7,A
EV00557,V093,2025H1,79.4,62.9,86.7,B
EV00558,V093,2025H2,78.3,78.0,83.1,B
EV00559,V094,2023H1,50.1,66.3,59.6,C
EV00560,V094,2023H2,40.8,79.6,73.0,C
EV00561,V094,2024H1,34.0,59.9,66.7,C
EV00562,V094,2024H2,30.5,68.1,74.1,C
EV00563,V094,2025H1,31.6,78.2,76.9,C
EV00564,V094,2025H2,33.5,70.4,70.5,C
EV00565,V095,2023H1,71.1,70.8,88.5,B
EV00566,V095,2023H2,70.4,79.1,67.4,B
EV00567,V095,2024H1,69.1,92.1,76.1,B
EV00568,V095,2024H2,69.1,67.6,82.6,B
EV00569,V095,2025H1,69.6,88.5,86.2,A
EV00570,V095,2025H2,67.1,70.9,78.9,B
EV00571,V096,2023H1,67.1,78.6,81.3,B
EV00572,V096,2023H2,65.3,70.3,76.2,B
EV00573,V096,2024H1,64.8,68.0,88.3,B
EV00574,V096,2024H2,65.5,63.4,75.8,B
EV00575,V096,2025H1,68.2,84.4,76.2,B
EV00576,V096,2025H2,61.9,72.8,65.7,B
EV00577,V097,2023H1,64.8,73.1,67.8,B
EV00578,V097,2023H2,62.3,63.2,73.1,B
EV00579,V097,2024H1,68.4,62.8,77.2,B
EV00580,V097,2024H2,69.7,77.0,71.4,B
EV00581,V097,2025H1,68.7,79.2,64.6,B
EV00582,V097,2025H2,68.7,84.6,76.2,B
EV00583,V098,2023H1,56.2,52.8,66.2,C
EV00584,V098,2023H2,55.8,86.3,84.2,B
EV00585,V098,2024H1,48.9,72.8,63.8,C
EV00586,V098,2024H2,46.3,67.0,64.2,C
EV00587,V098,2025H1,46.9,68.3,62.4,C
EV00588,V098,2025H2,48.4,69.5,63.5,C
EV00589,V099,2023H1,65.7,67.1,77.0,B
EV00590,V099,2023H2,66.3,78.1,79.0,B
EV00591,V099,2024H1,68.0,85.7,72.3,B
EV00592,V099,2024H2,64.2,71.3,74.9,B
EV00593,V099,2025H1,62.8,64.2,60.6,C
EV00594,V099,2025H2,62.8,82.8,77.2,B
EV00595,V100,2023H1,45.1,57.9,61.7,C
EV00596,V100,2023H2,39.0,72.3,78.4,C
EV00597,V100,2024H1,36.7,62.4,70.4,C
EV00598,V100,2024H2,38.2,64.1,72.1,C
EV00599,V100,2025H1,39.0,66.7,61.2,C
EV00600,V100,2025H2,35.3,72.5,61.9,C
EV00601,V101,2023H1,94.1,90.8,100.0,A
EV00602,V101,2023H2,95.7,95.4,83.8,A
EV00603,V101,2024H1,97.0,71.5,87.3,A
EV00604,V101,2024H2,92.9,86.4,95.2,A
EV00605,V101,2025H1,94.7,74.2,100.0,A
EV00606,V101,2025H2,93.0,86.4,84.8,A
EV00607,V102,2023H1,39.2,68.7,63.0,C
EV00608,V102,2023H2,38.3,43.7,59.2,D
EV00609,V102,2024H1,35.6,58.9,71.5,C
EV00610,V102,2024H2,28.8,47.4,60.3,D
EV00611,V102,2025H1,26.6,75.0,59.5,C
EV00612,V102,2025H2,22.6,68.8,64.9,C
EV00613,V103,2023H1,72.6,76.8,88.0,B
EV00614,V103,2023H2,74.5,73.8,87.7,B
EV00615,V103,2024H1,72.2,80.8,79.3,B
EV00616,V103,2024H2,64.5,77.9,76.0,B
EV00617,V103,2025H1,65.6,83.1,73.3,B
EV00618,V103,2025H2,57.3,78.3,78.2,B
EV00619,V104,2023H1,50.3,69.0,58.3,C
EV00620,V104,2023H2,49.7,77.0,53.7,C
EV00621,V104,2024H1,39.7,74.1,67.2,C
EV00622,V104,2024H2,40.0,62.8,72.0,C
EV00623,V104,2025H1,34.3,57.9,60.2,C
EV00624,V104,2025H2,32.8,61.2,63.8,C
EV00625,V105,2023H1,61.2,94.0,78.3,B
EV00626,V105,2023H2,62.4,78.9,71.9,B
EV00627,V105,2024H1,57.0,79.3,66.0,B
EV00628,V105,2024H2,61.1,66.7,69.5,B
EV00629,V105,2025H1,54.4,73.2,84.2,B
EV00630,V105,2025H2,54.5,72.9,73.8,B
EV00631,V106,2023H1,55.1,70.1,76.1,B
EV00632,V106,2023H2,54.4,82.6,85.3,B
EV00633,V106,2024H1,61.1,72.1,71.2,B
EV00634,V106,2024H2,58.0,68.1,66.4,C
EV00635,V106,2025H1,61.0,78.2,76.4,B
EV00636,V106,2025H2,53.3,69.1,77.4,B
EV00637,V107,2023H1,53.6,68.5,74.4,B
EV00638,V107,2023H2,54.1,74.5,68.1,B
EV00639,V107,2024H1,50.6,82.9,76.6,B
EV00640,V107,2024H2,48.2,69.9,64.8,C
EV00641,V107,2025H1,47.0,61.9,66.0,C
EV00642,V107,2025H2,48.9,75.3,76.3,B
EV00643,V108,2023H1,57.7,71.9,71.4,B
EV00644,V108,2023H2,57.4,55.8,64.8,C
EV00645,V108,2024H1,59.0,70.9,81.3,B
EV00646,V108,2024H2,59.1,80.5,61.9,B
EV00647,V108,2025H1,51.8,73.2,64.9,C
EV00648,V108,2025H2,51.3,75.6,77.2,B
EV00649,V109,2023H1,85.3,87.5,78.0,A
EV00650,V109,2023H2,88.2,70.2,87.7,A
EV00651,V109,2024H1,93.3,82.7,88.3,A
EV00652,V109,2024H2,96.5,94.2,82.1,A
EV00653,V109,2025H1,93.1,74.0,81.6,A
EV00654,V109,2025H2,98.3,77.9,94.1,A
EV00655,V110,2023H1,93.3,95.5,98.0,A
EV00656,V110,2023H2,90.8,64.3,89.1,A
EV00657,V110,2024H1,87.3,100.0,83.5,A
EV00658,V110,2024H2,88.6,76.7,87.6,A
EV00659,V110,2025H1,85.7,83.8,100.0,A
EV00660,V110,2025H2,88.6,75.8,92.9,A
EV00661,V111,2023H1,57.2,70.7,76.9,B
EV00662,V111,2023H2,55.6,58.4,74.5,C
EV00663,V111,2024H1,55.1,60.2,73.2,C
EV00664,V111,2024H2,56.2,62.2,82.5,B
EV00665,V111,2025H1,56.1,79.2,80.0,B
EV00666,V111,2025H2,55.3,72.6,67.2,B
EV00667,V112,2023H1,90.4,89.9,84.8,A
EV00668,V112,2023H2,89.2,93.0,93.6,A
EV00669,V112,2024H1,91.8,96.4,100.0,A
EV00670,V112,2024H2,93.6,87.8,91.6,A
EV00671,V112,2025H1,100.9,100.0,92.7,A
EV00672,V112,2025H2,102.2,76.6,81.0,A
EV00673,V113,2023H1,62.1,61.5,65.7,C
EV00674,V113,2023H2,63.0,78.0,61.7,B
EV00675,V113,2024H1,61.3,69.5,77.1,B
EV00676,V113,2024H2,60.2,76.9,71.0,B
EV00677,V113,2025H1,62.3,74.6,74.6,B
EV00678,V113,2025H2,64.4,82.5,68.6,B
EV00679,V114,2023H1,54.7,74.8,75.6,B
EV00680,V114,2023H2,50.6,73.2,68.5,C
EV00681,V114,2024H1,45.7,72.3,69.5,C
EV00682,V114,2024H2,47.4,85.8,81.3,B
EV00683,V114,2025H1,48.8,60.2,63.6,C
EV00684,V114,2025H2,42.7,79.7,72.5,C
EV00685,V115,2023H1,48.2,63.5,64.9,C
EV00686,V115,2023H2,45.4,66.4,59.1,C
EV00687,V115,2024H1,41.2,59.7,52.0,C
EV00688,V115,2024H2,45.0,72.0,54.3,C
EV00689,V115,2025H1,44.9,52.1,59.9,C
EV00690,V115,2025H2,41.0,77.8,67.5,C
EV00691,V116,2023H1,42.4,67.5,64.7,C
EV00692,V116,2023H2,37.0,61.4,69.9,C
EV00693,V116,2024H1,38.6,56.3,55.9,C
EV00694,V116,2024H2,36.1,55.9,71.6,C
EV00695,V116,2025H1,37.7,68.5,66.1,C
EV00696,V116,2025H2,37.9,58.8,75.0,C
EV00697,V117,2023H1,71.4,76.6,76.0,B
EV00698,V117,2023H2,68.8,81.4,83.0,B
EV00699,V117,2024H1,65.3,75.1,68.0,B
EV00700,V117,2024H2,68.1,83.7,73.5,B
EV00701,V117,2025H1,65.6,54.9,64.7,C
EV00702,V117,2025H2,68.2,72.0,68.8,B
EV00703,V118,2023H1,68.8,78.2,79.2,B
EV00704,V118,2023H2,68.8,80.2,76.1,B
EV00705,V118,2024H1,63.9,75.1,75.2,B
EV00706,V118,2024H2,63.7,70.2,76.2,B
EV00707,V118,2025H1,59.2,69.4,78.0,B
EV00708,V118,2025H2,61.0,77.4,67.9,B
EV00709,V119,2023H1,70.3,90.1,77.3,B
EV00710,V119,2023H2,74.8,85.4,73.4,B
EV00711,V119,2024H1,72.7,76.0,72.7,B
EV00712,V119,2024H2,67.5,72.0,71.9,B
EV00713,V119,2025H1,60.4,68.9,77.8,B
EV00714,V119,2025H2,61.1,66.7,66.4,C
EV00715,V120,2023H1,92.0,80.9,90.9,A
EV00716,V120,2023H2,89.8,88.1,89.2,A
EV00717,V120,2024H1,87.7,93.1,85.8,A
EV00718,V120,2024H2,90.8,69.6,92.6,A
EV00719,V120,2025H1,87.7,89.3,90.1,A
EV00720,V120,2025H2,87.5,92.6,88.6,A
