입찰ID,공고ID,협력사ID,제시금액,낙찰가율,낙찰여부
B00001,RFP0001,V101,290498779,1.072,미낙찰
B00002,RFP0001,V064,264638928,0.976,미낙찰
B00003,RFP0001,V023,275678261,1.017,미낙찰
B00004,RFP0001,V089,221488754,0.817,낙찰
B00005,RFP0002,V040,98650436,1.034,미낙찰
B00006,RFP0002,V112,91162848,0.955,미낙찰
B00007,RFP0002,V092,91254714,0.956,낙찰
B00008,RFP0002,V111,84538018,0.886,미낙찰
B00009,RFP0003,V103,372263351,0.899,미낙찰
B00010,RFP0003,V070,348820168,0.843,낙찰
B00011,RFP0003,V017,417422917,1.008,미낙찰
B00012,RFP0004,V046,199297409,0.819,미낙찰
B00013,RFP0004,V103,211832307,0.87,미낙찰
B00014,RFP0004,V007,226041941,0.929,미낙찰
B00015,RFP0004,V017,206732279,0.849,낙찰
B00016,RFP0004,V079,251551769,1.034,미낙찰
B00017,RFP0005,V104,119210558,0.714,낙찰
B00018,RFP0005,V110,166457819,0.997,미낙찰
B00019,RFP0005,V087,145832110,0.873,미낙찰
B00020,RFP0006,V090,119452066,0.936,미낙찰
B00021,RFP0006,V036,117706829,0.922,미낙찰
B00022,RFP0006,V066,109547739,0.858,미낙찰
B00023,RFP0006,V016,110801811,0.868,미낙찰
B00024,RFP0006,V102,115110951,0.902,미낙찰
B00025,RFP0006,V081,116342356,0.912,낙찰
B00026,RFP0007,V052,312518944,0.799,낙찰
B00027,RFP0007,V113,353887792,0.905,미낙찰
B00028,RFP0007,V076,340308843,0.87,미낙찰
B00029,RFP0008,V120,185459902,0.961,미낙찰
B00030,RFP0008,V082,169069892,0.876,미낙찰
B00031,RFP0008,V115,178293662,0.924,미낙찰
B00032,RFP0008,V008,185442091,0.961,미낙찰
B00033,RFP0008,V097,173462381,0.899,낙찰
B00034,RFP0009,V045,614995274,1.004,미낙찰
B00035,RFP0009,V009,554841051,0.906,미낙찰
B00036,RFP0009,V059,551553254,0.9,낙찰
B00037,RFP0009,V042,552016347,0.901,미낙찰
B00038,RFP0010,V030,180823747,1.028,미낙찰
B00039,RFP0010,V010,154990466,0.881,낙찰
B00040,RFP0010,V028,152950076,0.87,미낙찰
B00041,RFP0010,V098,173375639,0.986,미낙찰
B00042,RFP0010,V006,167762366,0.954,미낙찰
B00043,RFP0011,V007,160351391,1.031,미낙찰
B00044,RFP0011,V099,144706932,0.93,낙찰
B00045,RFP0011,V060,167026673,1.074,미낙찰
B00046,RFP0011,V001,158707901,1.02,미낙찰
B00047,RFP0012,V059,590837429,0.996,미낙찰
B00048,RFP0012,V046,516158641,0.87,낙찰
B00049,RFP0012,V051,615141338,1.037,미낙찰
B00050,RFP0012,V116,500067307,0.843,미낙찰
B00051,RFP0013,V019,63334056,0.963,미낙찰
B00052,RFP0013,V021,62496377,0.95,미낙찰
B00053,RFP0013,V016,57943238,0.881,미낙찰
B00054,RFP0013,V090,65869265,1.002,미낙찰
B00055,RFP0013,V081,64070488,0.974,낙찰
B00056,RFP0013,V020,70137428,1.066,미낙찰
B00057,RFP0014,V107,43773477,0.834,미낙찰
B00058,RFP0014,V075,45602684,0.868,미낙찰
B00059,RFP0014,V067,42198387,0.804,낙찰
B00060,RFP0014,V026,44157606,0.841,미낙찰
B00061,RFP0015,V013,590469604,0.822,미낙찰
B00062,RFP0015,V067,598846671,0.833,미낙찰
B00063,RFP0015,V054,647911575,0.902,미낙찰
B00064,RFP0015,V022,585331461,0.815,낙찰
B00065,RFP0015,V004,673395903,0.937,미낙찰
B00066,RFP0016,V057,499390235,0.893,미낙찰
B00067,RFP0016,V064,568699481,1.017,미낙찰
B00068,RFP0016,V085,573172356,1.025,미낙찰
B00069,RFP0016,V089,482378097,0.863,낙찰
B00070,RFP0017,V026,762559684,1.05,미낙찰
B00071,RFP0017,V075,673582092,0.927,미낙찰
B00072,RFP0017,V014,734355155,1.011,미낙찰
B00073,RFP0017,V062,658741031,0.907,낙찰
B00074,RFP0018,V116,311387691,0.904,미낙찰
B00075,RFP0018,V060,361226025,1.049,미낙찰
B00076,RFP0018,V070,304645733,0.885,낙찰
B00077,RFP0018,V095,315754727,0.917,미낙찰
B00078,RFP0018,V099,354740844,1.03,미낙찰
B00079,RFP0018,V074,338207078,0.982,미낙찰
B00080,RFP0019,V056,239736311,1.017,미낙찰
B00081,RFP0019,V066,222426030,0.943,미낙찰
B00082,RFP0019,V090,190242171,0.807,낙찰
B00083,RFP0019,V084,190976868,0.81,미낙찰
B00084,RFP0019,V102,207888330,0.882,미낙찰
B00085,RFP0020,V061,720911678,0.905,미낙찰
B00086,RFP0020,V110,808030703,1.014,미낙찰
B00087,RFP0020,V040,756492736,0.95,미낙찰
B00088,RFP0020,V071,620863909,0.779,낙찰
B00089,RFP0020,V092,695469693,0.873,미낙찰
B00090,RFP0020,V087,774141625,0.972,미낙찰
B00091,RFP0021,V099,278049495,0.862,미낙찰
B00092,RFP0021,V049,304783042,0.945,낙찰
B00093,RFP0021,V074,328542005,1.018,미낙찰
B00094,RFP0021,V095,308669065,0.957,미낙찰
B00095,RFP0021,V051,309471079,0.959,미낙찰
B00096,RFP0021,V017,303585985,0.941,미낙찰
B00097,RFP0022,V035,350406273,0.872,미낙찰
B00098,RFP0022,V100,343680768,0.856,낙찰
B00099,RFP0022,V040,371631344,0.925,미낙찰
B00100,RFP0023,V011,243398882,0.932,미낙찰
B00101,RFP0023,V105,239521802,0.917,미낙찰
B00102,RFP0023,V034,214972980,0.823,낙찰
B00103,RFP0023,V016,217480540,0.833,미낙찰
B00104,RFP0023,V114,259737677,0.995,미낙찰
B00105,RFP0023,V081,255752074,0.979,미낙찰
B00106,RFP0024,V022,498971469,0.939,미낙찰
B00107,RFP0024,V062,541093654,1.018,미낙찰
B00108,RFP0024,V054,484162480,0.911,낙찰
B00109,RFP0024,V014,558176183,1.05,미낙찰
B00110,RFP0024,V078,471099165,0.886,미낙찰
B00111,RFP0024,V091,491727156,0.925,미낙찰
B00112,RFP0025,V060,233066383,0.832,낙찰
B00113,RFP0025,V106,248542729,0.888,미낙찰
B00114,RFP0025,V033,264756717,0.946,미낙찰
B00115,RFP0025,V099,273265674,0.976,미낙찰
B00116,RFP0025,V045,260903484,0.932,미낙찰
B00117,RFP0025,V046,265378346,0.948,미낙찰
B00118,RFP0026,V061,656444248,0.899,낙찰
B00119,RFP0026,V104,621860430,0.852,미낙찰
B00120,RFP0026,V110,715362663,0.98,미낙찰
B00121,RFP0026,V069,612357006,0.839,미낙찰
B00122,RFP0026,V035,624883415,0.856,미낙찰
B00123,RFP0026,V109,635793553,0.871,미낙찰
B00124,RFP0027,V103,472146907,0.851,미낙찰
B00125,RFP0027,V051,555312375,1.001,미낙찰
B00126,RFP0027,V055,458101369,0.826,미낙찰
B00127,RFP0027,V074,565247035,1.019,미낙찰
B00128,RFP0027,V025,475505330,0.857,미낙찰
B00129,RFP0027,V018,452630253,0.816,낙찰
B00130,RFP0028,V103,511897479,0.912,미낙찰
B00131,RFP0028,V060,561398267,1.001,미낙찰
B00132,RFP0028,V025,468551215,0.835,미낙찰
B00133,RFP0028,V059,534849306,0.953,미낙찰
B00134,RFP0028,V106,475809289,0.848,미낙찰
B00135,RFP0028,V042,486192652,0.867,낙찰
B00136,RFP0029,V015,359048480,0.929,미낙찰
B00137,RFP0029,V023,349529816,0.905,낙찰
B00138,RFP0029,V093,351438451,0.91,미낙찰
B00139,RFP0030,V073,44535396,0.867,미낙찰
B00140,RFP0030,V043,44980142,0.875,낙찰
B00141,RFP0030,V039,52560944,1.023,미낙찰
B00142,RFP0030,V028,53602821,1.043,미낙찰
B00143,RFP0030,V010,48083501,0.936,미낙찰
B00144,RFP0031,V101,607795809,0.979,미낙찰
B00145,RFP0031,V085,565029217,0.91,미낙찰
B00146,RFP0031,V089,575190847,0.927,미낙찰
B00147,RFP0031,V003,529902001,0.854,낙찰
B00148,RFP0032,V092,203918268,0.912,미낙찰
B00149,RFP0032,V061,170712745,0.763,낙찰
B00150,RFP0032,V112,232096120,1.038,미낙찰
B00151,RFP0032,V037,208828461,0.934,미낙찰
B00152,RFP0032,V109,240068710,1.073,미낙찰
B00153,RFP0033,V067,650133610,0.949,미낙찰
B00154,RFP0033,V026,629381802,0.919,낙찰
B00155,RFP0033,V004,649109633,0.948,미낙찰
B00156,RFP0033,V091,577507582,0.843,미낙찰
B00157,RFP0034,V088,75590231,0.85,낙찰
B00158,RFP0034,V013,79251314,0.891,미낙찰
B00159,RFP0034,V054,80853133,0.909,미낙찰
B00160,RFP0034,V014,87924742,0.989,미낙찰
B00161,RFP0034,V065,84482953,0.95,미낙찰
B00162,RFP0035,V096,336247935,0.883,미낙찰
B00163,RFP0035,V105,346945608,0.911,미낙찰
B00164,RFP0035,V056,394242600,1.035,미낙찰
B00165,RFP0035,V041,359494138,0.944,낙찰
B00166,RFP0036,V018,104417429,0.787,미낙찰
B00167,RFP0036,V116,102801252,0.775,낙찰
B00168,RFP0036,V033,125069771,0.943,미낙찰
B00169,RFP0036,V070,120058778,0.905,미낙찰
B00170,RFP0036,V059,133623502,1.007,미낙찰
B00171,RFP0037,V036,102511198,0.933,낙찰
B00172,RFP0037,V019,98136537,0.893,미낙찰
B00173,RFP0037,V048,108927253,0.992,미낙찰
B00174,RFP0037,V105,94349965,0.859,미낙찰
B00175,RFP0038,V103,183345939,0.989,미낙찰
B00176,RFP0038,V099,163180342,0.88,미낙찰
B00177,RFP0038,V079,169944664,0.917,미낙찰
B00178,RFP0038,V042,183530766,0.99,미낙찰
B00179,RFP0038,V009,152973037,0.825,낙찰
B00180,RFP0039,V091,261433321,0.9,낙찰
B00181,RFP0039,V022,235500524,0.811,미낙찰
B00182,RFP0039,V013,274484871,0.945,미낙찰
B00183,RFP0040,V088,518732730,0.907,낙찰
B00184,RFP0040,V117,521308867,0.912,미낙찰
B00185,RFP0040,V013,469345620,0.821,미낙찰
B00186,RFP0041,V062,119432491,0.91,미낙찰
B00187,RFP0041,V013,124333104,0.948,미낙찰
B00188,RFP0041,V088,123279465,0.94,미낙찰
B00189,RFP0041,V004,115918172,0.884,낙찰
B00190,RFP0041,V067,116381592,0.887,미낙찰
B00191,RFP0041,V026,130729678,0.996,미낙찰
B00192,RFP0042,V047,132561529,0.862,낙찰
B00193,RFP0042,V069,139480346,0.907,미낙찰
B00194,RFP0042,V061,133461748,0.868,미낙찰
B00195,RFP0042,V092,136009747,0.884,미낙찰
B00196,RFP0043,V009,291886920,0.972,미낙찰
B00197,RFP0043,V049,289573204,0.965,미낙찰
B00198,RFP0043,V046,272994749,0.909,낙찰
B00199,RFP0043,V060,314263931,1.047,미낙찰
B00200,RFP0044,V035,708635754,0.896,미낙찰
B00201,RFP0044,V044,778919152,0.985,미낙찰
B00202,RFP0044,V111,675608979,0.854,미낙찰
B00203,RFP0044,V109,727108874,0.919,미낙찰
B00204,RFP0044,V029,650370417,0.822,낙찰
B00205,RFP0044,V100,766118648,0.968,미낙찰
B00206,RFP0045,V069,114290034,0.899,미낙찰
B00207,RFP0045,V040,138531976,1.089,미낙찰
B00208,RFP0045,V044,119549786,0.94,미낙찰
B00209,RFP0045,V032,102210743,0.804,낙찰
B00210,RFP0045,V035,112262884,0.883,미낙찰
B00211,RFP0046,V068,167317349,1.027,미낙찰
B00212,RFP0046,V006,140664895,0.863,미낙찰
B00213,RFP0046,V082,139177108,0.854,낙찰
B00214,RFP0046,V118,158231174,0.971,미낙찰
B00215,RFP0047,V014,113602759,0.962,미낙찰
B00216,RFP0047,V013,99232276,0.841,미낙찰
B00217,RFP0047,V065,100348126,0.85,미낙찰
B00218,RFP0047,V026,105879092,0.897,낙찰
B00219,RFP0048,V018,647334867,0.901,낙찰
B00220,RFP0048,V049,662356690,0.922,미낙찰
B00221,RFP0048,V045,688042619,0.958,미낙찰
B00222,RFP0048,V103,723429824,1.007,미낙찰
B00223,RFP0049,V007,232538341,0.909,미낙찰
B00224,RFP0049,V059,236381420,0.924,미낙찰
B00225,RFP0049,V033,210547919,0.823,낙찰
B00226,RFP0049,V018,238648216,0.933,미낙찰
B00227,RFP0049,V049,246968479,0.965,미낙찰
B00228,RFP0050,V037,530257790,0.941,미낙찰
B00229,RFP0050,V044,508213165,0.902,낙찰
B00230,RFP0050,V029,547208703,0.971,미낙찰
B00231,RFP0050,V087,559558035,0.993,미낙찰
B00232,RFP0051,V035,620293187,0.94,낙찰
B00233,RFP0051,V069,560216021,0.849,미낙찰
B00234,RFP0051,V110,610633982,0.925,미낙찰
B00235,RFP0052,V082,527400627,0.867,낙찰
B00236,RFP0052,V006,572096691,0.941,미낙찰
B00237,RFP0052,V030,589025292,0.968,미낙찰
B00238,RFP0053,V058,438235966,0.854,낙찰
B00239,RFP0053,V097,434173244,0.846,미낙찰
B00240,RFP0053,V008,455542417,0.888,미낙찰
B00241,RFP0054,V053,603123211,0.996,미낙찰
B00242,RFP0054,V062,551788756,0.912,미낙찰
B00243,RFP0054,V022,501979071,0.829,미낙찰
B00244,RFP0054,V091,578320017,0.955,미낙찰
B00245,RFP0054,V117,518299714,0.856,미낙찰
B00246,RFP0054,V107,511702182,0.845,낙찰
B00247,RFP0055,V107,410482963,0.927,미낙찰
B00248,RFP0055,V091,407387822,0.92,낙찰
B00249,RFP0055,V117,441593608,0.998,미낙찰
B00250,RFP0055,V088,404602375,0.914,미낙찰
B00251,RFP0055,V075,411188233,0.929,미낙찰
B00252,RFP0055,V067,388728385,0.878,미낙찰
B00253,RFP0056,V057,227603337,0.958,낙찰
B00254,RFP0056,V080,238460949,1.004,미낙찰
B00255,RFP0056,V076,178305634,0.751,미낙찰
B00256,RFP0057,V116,216782589,0.982,낙찰
B00257,RFP0057,V055,204190976,0.925,미낙찰
B00258,RFP0057,V083,241534113,1.094,미낙찰
B00259,RFP0058,V101,636190815,1.014,미낙찰
B00260,RFP0058,V093,590593391,0.941,미낙찰
B00261,RFP0058,V057,596839787,0.951,낙찰
B00262,RFP0059,V068,114920542,0.98,미낙찰
B00263,RFP0059,V027,107148491,0.913,미낙찰
B00264,RFP0059,V108,107732208,0.918,미낙찰
B00265,RFP0059,V072,112209969,0.957,낙찰
B00266,RFP0059,V008,113266109,0.966,미낙찰
B00267,RFP0060,V074,701138987,0.929,미낙찰
B00268,RFP0060,V106,756301034,1.002,미낙찰
B00269,RFP0060,V051,680949006,0.903,낙찰
B00270,RFP0061,V002,18609541,0.835,미낙찰
B00271,RFP0061,V063,19552311,0.878,미낙찰
B00272,RFP0061,V037,19794156,0.888,낙찰
B00273,RFP0061,V092,20461991,0.918,미낙찰
B00274,RFP0062,V006,685914091,0.964,미낙찰
B00275,RFP0062,V027,620600977,0.872,미낙찰
B00276,RFP0062,V098,634774365,0.892,낙찰
B00277,RFP0063,V051,316397228,0.966,미낙찰
B00278,RFP0063,V060,284685630,0.869,낙찰
B00279,RFP0063,V106,278998136,0.852,미낙찰
B00280,RFP0063,V007,323564125,0.988,미낙찰
B00281,RFP0063,V103,309960508,0.946,미낙찰
B00282,RFP0064,V057,664021054,0.909,미낙찰
B00283,RFP0064,V089,528049478,0.723,낙찰
B00284,RFP0064,V076,662509576,0.907,미낙찰
B00285,RFP0064,V031,764148477,1.046,미낙찰
B00286,RFP0064,V093,690840328,0.945,미낙찰
B00287,RFP0065,V059,599762029,1.01,미낙찰
B00288,RFP0065,V001,623110325,1.05,미낙찰
B00289,RFP0065,V007,555276345,0.935,미낙찰
B00290,RFP0065,V103,506795320,0.854,낙찰
B00291,RFP0066,V076,475687725,0.951,낙찰
B00292,RFP0066,V113,475788127,0.951,미낙찰
B00293,RFP0066,V031,490386911,0.98,미낙찰
B00294,RFP0066,V023,497874041,0.995,미낙찰
B00295,RFP0067,V010,394118447,0.901,낙찰
B00296,RFP0067,V050,439835292,1.005,미낙찰
B00297,RFP0067,V072,405567831,0.927,미낙찰
B00298,RFP0067,V073,467607074,1.069,미낙찰
B00299,RFP0067,V115,381867071,0.873,미낙찰
B00300,RFP0067,V039,394462561,0.902,미낙찰
B00301,RFP0068,V058,51373096,0.958,미낙찰
B00302,RFP0068,V030,49012015,0.914,미낙찰
B00303,RFP0068,V050,48267379,0.9,낙찰
B00304,RFP0069,V104,383738289,0.839,낙찰
B00305,RFP0069,V100,415034816,0.908,미낙찰
B00306,RFP0069,V044,406272188,0.889,미낙찰
B00307,RFP0070,V097,556619990,0.834,미낙찰
B00308,RFP0070,V027,562065314,0.842,낙찰
B00309,RFP0070,V028,609931723,0.914,미낙찰
B00310,RFP0070,V039,670633345,1.005,미낙찰
B00311,RFP0071,V014,686580033,0.963,미낙찰
B00312,RFP0071,V022,576341844,0.808,낙찰
B00313,RFP0071,V088,644520480,0.904,미낙찰
B00314,RFP0071,V062,711193877,0.997,미낙찰
B00315,RFP0071,V078,649893431,0.911,미낙찰
B00316,RFP0072,V104,30031595,0.963,미낙찰
B00317,RFP0072,V111,27645839,0.886,낙찰
B00318,RFP0072,V037,31786092,1.019,미낙찰
B00319,RFP0072,V032,27835036,0.892,미낙찰
B00320,RFP0072,V035,29276181,0.938,미낙찰
B00321,RFP0073,V032,595608742,0.79,낙찰
B00322,RFP0073,V112,709824111,0.942,미낙찰
B00323,RFP0073,V047,770298300,1.022,미낙찰
B00324,RFP0073,V071,700035868,0.929,미낙찰
B00325,RFP0073,V040,703890582,0.934,미낙찰
B00326,RFP0074,V095,570839683,0.961,미낙찰
B00327,RFP0074,V070,446097385,0.751,낙찰
B00328,RFP0074,V099,549721441,0.926,미낙찰
B00329,RFP0074,V083,468613412,0.789,미낙찰
B00330,RFP0074,V042,519207019,0.874,미낙찰
B00331,RFP0075,V028,82397689,0.855,미낙찰
B00332,RFP0075,V006,78465571,0.814,낙찰
B00333,RFP0075,V098,91763852,0.952,미낙찰
B00334,RFP0075,V097,85062216,0.882,미낙찰
B00335,RFP0075,V072,89614309,0.929,미낙찰
B00336,RFP0075,V073,86392208,0.896,미낙찰
B00337,RFP0076,V009,269336349,1.041,미낙찰
B00338,RFP0076,V049,249159706,0.963,낙찰
B00339,RFP0076,V070,228659807,0.884,미낙찰
B00340,RFP0077,V038,359948031,0.896,미낙찰
B00341,RFP0077,V015,372362472,0.927,미낙찰
B00342,RFP0077,V003,344759149,0.859,미낙찰
B00343,RFP0077,V080,346831031,0.864,낙찰
B00344,RFP0077,V101,425502070,1.06,미낙찰
B00345,RFP0078,V053,87885434,0.804,낙찰
B00346,RFP0078,V062,100420633,0.918,미낙찰
B00347,RFP0078,V004,100470278,0.919,미낙찰
B00348,RFP0078,V054,96024857,0.878,미낙찰
B00349,RFP0078,V117,97062317,0.888,미낙찰
B00350,RFP0078,V026,109489491,1.001,미낙찰
B00351,RFP0079,V012,124904955,0.918,미낙찰
B00352,RFP0079,V016,112527526,0.827,미낙찰
B00353,RFP0079,V048,138454273,1.017,낙찰
B00354,RFP0080,V010,154377150,0.918,미낙찰
B00355,RFP0080,V072,142387021,0.847,낙찰
B00356,RFP0080,V118,161766943,0.962,미낙찰
B00357,RFP0080,V027,139852545,0.832,미낙찰
B00358,RFP0081,V107,101697759,0.887,낙찰
B00359,RFP0081,V054,105458822,0.92,미낙찰
B00360,RFP0081,V014,121393874,1.059,미낙찰
B00361,RFP0081,V088,99819262,0.871,미낙찰
B00362,RFP0081,V022,93917583,0.819,미낙찰
B00363,RFP0081,V004,105463779,0.92,미낙찰
B00364,RFP0082,V044,111151790,0.98,낙찰
B00365,RFP0082,V111,93035261,0.82,미낙찰
B00366,RFP0082,V032,104508668,0.922,미낙찰
B00367,RFP0082,V110,114375198,1.009,미낙찰
B00368,RFP0082,V061,113699281,1.003,미낙찰
B00369,RFP0082,V037,107981314,0.952,미낙찰
B00370,RFP0083,V067,245505750,0.742,낙찰
B00371,RFP0083,V026,336455181,1.016,미낙찰
B00372,RFP0083,V065,314186747,0.949,미낙찰
B00373,RFP0083,V004,309676149,0.936,미낙찰
B00374,RFP0084,V070,596062167,0.813,미낙찰
B00375,RFP0084,V060,759068214,1.035,미낙찰
B00376,RFP0084,V049,692278860,0.944,미낙찰
B00377,RFP0084,V025,619255853,0.844,미낙찰
B00378,RFP0084,V017,801870287,1.093,미낙찰
B00379,RFP0084,V033,617952514,0.843,낙찰
B00380,RFP0085,V037,563369039,0.987,미낙찰
B00381,RFP0085,V087,496516872,0.87,미낙찰
B00382,RFP0085,V002,498200431,0.873,낙찰
B00383,RFP0086,V089,89361825,0.852,미낙찰
B00384,RFP0086,V064,99259942,0.946,미낙찰
B00385,RFP0086,V057,103978212,0.991,미낙찰
B00386,RFP0086,V015,107069139,1.021,미낙찰
B00387,RFP0086,V003,86350679,0.823,낙찰
B00388,RFP0087,V067,359077997,0.821,낙찰
B00389,RFP0087,V053,447195463,1.023,미낙찰
B00390,RFP0087,V117,437412667,1.0,미낙찰
B00391,RFP0087,V107,398885538,0.912,미낙찰
B00392,RFP0087,V022,395010095,0.903,미낙찰
B00393,RFP0088,V039,149988118,0.934,미낙찰
B00394,RFP0088,V098,132010885,0.822,낙찰
B00395,RFP0088,V024,162845926,1.014,미낙찰
B00396,RFP0088,V097,145026206,0.903,미낙찰
B00397,RFP0089,V108,395337769,0.831,미낙찰
B00398,RFP0089,V006,478744860,1.007,미낙찰
B00399,RFP0089,V050,369664848,0.777,낙찰
B00400,RFP0089,V082,414946121,0.873,미낙찰
B00401,RFP0090,V006,643366183,0.963,미낙찰
B00402,RFP0090,V024,603899451,0.904,미낙찰
B00403,RFP0090,V039,566143166,0.847,낙찰
B00404,RFP0090,V058,578418174,0.866,미낙찰
B00405,RFP0090,V108,610798085,0.914,미낙찰
B00406,RFP0090,V068,661264738,0.99,미낙찰
B00407,RFP0091,V090,648424334,0.938,미낙찰
B00408,RFP0091,V048,664830779,0.962,미낙찰
B00409,RFP0091,V012,666619865,0.965,미낙찰
B00410,RFP0091,V041,594027262,0.86,낙찰
B00411,RFP0091,V077,649017948,0.939,미낙찰
B00412,RFP0092,V002,707621223,0.925,낙찰
B00413,RFP0092,V111,736682888,0.963,미낙찰
B00414,RFP0092,V110,697685920,0.912,미낙찰
B00415,RFP0092,V029,791748282,1.035,미낙찰
B00416,RFP0092,V112,794701290,1.039,미낙찰
B00417,RFP0092,V037,762845379,0.997,미낙찰
B00418,RFP0093,V023,434642878,0.941,미낙찰
B00419,RFP0093,V076,402365189,0.871,미낙찰
B00420,RFP0093,V080,391965830,0.849,미낙찰
B00421,RFP0093,V003,372095860,0.806,미낙찰
B00422,RFP0093,V038,449142472,0.973,미낙찰
B00423,RFP0093,V089,388102175,0.84,낙찰
B00424,RFP0094,V067,276833697,0.858,미낙찰
B00425,RFP0094,V053,295840284,0.917,미낙찰
B00426,RFP0094,V078,328171577,1.017,미낙찰
B00427,RFP0094,V026,288477290,0.894,낙찰
B00428,RFP0094,V088,313977627,0.973,미낙찰
B00429,RFP0095,V087,675397341,0.89,미낙찰
B00430,RFP0095,V035,713295823,0.94,미낙찰
B00431,RFP0095,V002,653112955,0.86,낙찰
B00432,RFP0096,V101,433959768,1.048,미낙찰
B00433,RFP0096,V015,372582384,0.9,미낙찰
B00434,RFP0096,V085,366909697,0.886,낙찰
B00435,RFP0097,V008,220157425,0.962,미낙찰
B00436,RFP0097,V010,212590637,0.929,미낙찰
B00437,RFP0097,V030,222957456,0.974,낙찰
B00438,RFP0098,V104,102652151,0.891,미낙찰
B00439,RFP0098,V044,102887740,0.893,미낙찰
B00440,RFP0098,V094,98983896,0.859,낙찰
B00441,RFP0098,V110,111416171,0.967,미낙찰
B00442,RFP0099,V010,589907220,0.941,미낙찰
B00443,RFP0099,V039,552830380,0.882,낙찰
B00444,RFP0099,V043,586097161,0.935,미낙찰
B00445,RFP0099,V108,615378118,0.981,미낙찰
B00446,RFP0100,V052,261155291,0.83,미낙찰
B00447,RFP0100,V089,320987280,1.02,미낙찰
B00448,RFP0100,V003,284538858,0.904,낙찰
B00449,RFP0100,V086,271578942,0.863,미낙찰
B00450,RFP0100,V080,300922440,0.956,미낙찰
B00451,RFP0100,V038,327837364,1.042,미낙찰
B00452,RFP0101,V085,551211416,0.915,미낙찰
B00453,RFP0101,V113,521572826,0.866,미낙찰
B00454,RFP0101,V080,509985878,0.847,낙찰
B00455,RFP0101,V101,571102382,0.948,미낙찰
B00456,RFP0101,V003,528003109,0.877,미낙찰
B00457,RFP0101,V052,525670654,0.873,미낙찰
B00458,RFP0102,V003,617179173,0.889,미낙찰
B00459,RFP0102,V101,714352776,1.029,미낙찰
B00460,RFP0102,V086,535737298,0.772,낙찰
B00461,RFP0102,V038,721787454,1.04,미낙찰
B00462,RFP0103,V098,463574436,0.956,미낙찰
B00463,RFP0103,V068,385770886,0.796,낙찰
B00464,RFP0103,V043,416085873,0.858,미낙찰
B00465,RFP0103,V030,415686481,0.857,미낙찰
B00466,RFP0104,V037,291899380,0.85,미낙찰
B00467,RFP0104,V069,268049357,0.781,낙찰
B00468,RFP0104,V035,296391763,0.863,미낙찰
B00469,RFP0104,V111,339866190,0.99,미낙찰
B00470,RFP0104,V029,278044080,0.81,미낙찰
B00471,RFP0104,V087,331392464,0.965,미낙찰
B00472,RFP0105,V044,296731934,0.834,미낙찰
B00473,RFP0105,V069,277330460,0.78,낙찰
B00474,RFP0105,V092,326708508,0.919,미낙찰
B00475,RFP0105,V110,333063636,0.937,미낙찰
B00476,RFP0105,V061,325745543,0.916,미낙찰
B00477,RFP0106,V040,92966204,0.98,미낙찰
B00478,RFP0106,V112,86692484,0.914,미낙찰
B00479,RFP0106,V110,90901048,0.958,미낙찰
B00480,RFP0106,V061,82014820,0.864,낙찰
B00481,RFP0106,V100,79642569,0.839,미낙찰
B00482,RFP0107,V024,601533099,0.922,미낙찰
B00483,RFP0107,V097,620821820,0.952,미낙찰
B00484,RFP0107,V028,623535282,0.956,미낙찰
B00485,RFP0107,V043,580982253,0.891,미낙찰
B00486,RFP0107,V108,577724902,0.886,미낙찰
B00487,RFP0107,V050,552749185,0.847,낙찰
B00488,RFP0108,V117,379644133,0.899,미낙찰
B00489,RFP0108,V067,327200237,0.775,낙찰
B00490,RFP0108,V091,377447579,0.894,미낙찰
B00491,RFP0108,V004,396260762,0.938,미낙찰
B00492,RFP0108,V062,368531125,0.873,미낙찰
B00493,RFP0109,V038,408191943,1.023,미낙찰
B00494,RFP0109,V023,370628774,0.929,미낙찰
B00495,RFP0109,V086,375959941,0.942,미낙찰
B00496,RFP0109,V052,386587986,0.969,미낙찰
B00497,RFP0109,V003,366152750,0.918,낙찰
B00498,RFP0109,V101,388983659,0.975,미낙찰
B00499,RFP0110,V039,232809946,0.894,낙찰
B00500,RFP0110,V108,235131658,0.902,미낙찰
B00501,RFP0110,V006,247237614,0.949,미낙찰
B00502,RFP0110,V072,247413530,0.95,미낙찰
B00503,RFP0110,V118,239522524,0.919,미낙찰
B00504,RFP0110,V068,197706721,0.759,미낙찰
B00505,RFP0111,V082,117578540,0.992,미낙찰
B00506,RFP0111,V008,115291067,0.973,미낙찰
B00507,RFP0111,V097,114227056,0.964,미낙찰
B00508,RFP0111,V058,116879063,0.986,미낙찰
B00509,RFP0111,V050,100882227,0.851,낙찰
B00510,RFP0112,V018,533844344,0.939,미낙찰
B00511,RFP0112,V095,537928860,0.946,미낙찰
B00512,RFP0112,V007,463358709,0.815,낙찰
B00513,RFP0112,V033,495251247,0.871,미낙찰
B00514,RFP0112,V046,506420632,0.891,미낙찰
B00515,RFP0113,V009,93360358,0.995,미낙찰
B00516,RFP0113,V083,84227670,0.898,낙찰
B00517,RFP0113,V095,83060542,0.885,미낙찰
B00518,RFP0113,V018,83675919,0.892,미낙찰
B00519,RFP0113,V074,89529697,0.954,미낙찰
B00520,RFP0114,V012,72918575,0.862,낙찰
B00521,RFP0114,V005,73681031,0.871,미낙찰
B00522,RFP0114,V077,85682462,1.013,미낙찰
B00523,RFP0114,V019,74973759,0.886,미낙찰
B00524,RFP0114,V016,66358054,0.784,미낙찰
B00525,RFP0115,V119,483221192,0.789,미낙찰
B00526,RFP0115,V102,514558232,0.84,미낙찰
B00527,RFP0115,V114,534566132,0.873,낙찰
B00528,RFP0115,V011,523082689,0.854,미낙찰
B00529,RFP0116,V049,163608721,0.929,낙찰
B00530,RFP0116,V079,189711390,1.078,미낙찰
B00531,RFP0116,V060,139413763,0.792,미낙찰
B00532,RFP0116,V116,157140585,0.893,미낙찰
B00533,RFP0117,V073,101257672,0.884,미낙찰
B00534,RFP0117,V097,100749382,0.88,낙찰
B00535,RFP0117,V027,100825419,0.881,미낙찰
B00536,RFP0117,V043,104206988,0.91,미낙찰
B00537,RFP0117,V098,110586379,0.966,미낙찰
B00538,RFP0117,V120,98008603,0.856,미낙찰
B00539,RFP0118,V101,329356231,1.043,미낙찰
B00540,RFP0118,V076,286818116,0.908,미낙찰
B00541,RFP0118,V113,301256271,0.954,낙찰
B00542,RFP0118,V080,299893118,0.949,미낙찰
B00543,RFP0119,V084,412516982,0.916,미낙찰
B00544,RFP0119,V041,424470570,0.943,미낙찰
B00545,RFP0119,V005,401046171,0.891,낙찰
B00546,RFP0119,V011,379339341,0.842,미낙찰
B00547,RFP0120,V101,579523454,1.06,미낙찰
B00548,RFP0120,V093,524495159,0.959,미낙찰
B00549,RFP0120,V031,516663382,0.945,미낙찰
B00550,RFP0120,V076,464598263,0.85,낙찰
B00551,RFP0121,V092,450795273,1.005,미낙찰
B00552,RFP0121,V104,338460089,0.754,미낙찰
B00553,RFP0121,V061,408466067,0.91,미낙찰
B00554,RFP0121,V071,330940430,0.738,낙찰
B00555,RFP0121,V040,429161809,0.957,미낙찰
B00556,RFP0122,V044,417456115,0.938,미낙찰
B00557,RFP0122,V111,373491512,0.839,미낙찰
B00558,RFP0122,V069,402208348,0.903,미낙찰
B00559,RFP0122,V061,383543944,0.861,낙찰
B00560,RFP0122,V035,389470383,0.875,미낙찰
B00561,RFP0122,V063,397077898,0.892,미낙찰
B00562,RFP0123,V039,368839789,1.01,미낙찰
B00563,RFP0123,V072,356981940,0.977,낙찰
B00564,RFP0123,V058,357236495,0.978,미낙찰
B00565,RFP0123,V118,320393369,0.877,미낙찰
B00566,RFP0124,V095,635108563,0.95,낙찰
B00567,RFP0124,V033,585721728,0.877,미낙찰
B00568,RFP0124,V060,650700709,0.974,미낙찰
B00569,RFP0124,V083,595137210,0.891,미낙찰
B00570,RFP0124,V099,684536580,1.024,미낙찰
B00571,RFP0124,V116,659985656,0.988,미낙찰
B00572,RFP0125,V117,331857483,1.013,미낙찰
B00573,RFP0125,V014,341908175,1.043,미낙찰
B00574,RFP0125,V054,317566805,0.969,미낙찰
B00575,RFP0125,V022,279665026,0.854,미낙찰
B00576,RFP0125,V062,312828100,0.955,낙찰
B00577,RFP0125,V013,260461357,0.795,미낙찰
B00578,RFP0126,V090,60009537,0.845,미낙찰
B00579,RFP0126,V048,67730130,0.954,미낙찰
B00580,RFP0126,V034,64039169,0.902,미낙찰
B00581,RFP0126,V011,66316296,0.934,낙찰
B00582,RFP0126,V119,66028347,0.93,미낙찰
B00583,RFP0126,V019,54111184,0.762,미낙찰
B00584,RFP0127,V006,419519163,1.018,미낙찰
B00585,RFP0127,V082,336074978,0.816,미낙찰
B00586,RFP0127,V024,416322149,1.011,미낙찰
B00587,RFP0127,V120,401792641,0.975,미낙찰
B00588,RFP0127,V115,351079695,0.852,낙찰
B00589,RFP0127,V030,392875711,0.954,미낙찰
B00590,RFP0128,V013,190184759,0.906,미낙찰
B00591,RFP0128,V067,188368931,0.897,미낙찰
B00592,RFP0128,V091,195741397,0.932,미낙찰
B00593,RFP0128,V065,185437229,0.883,낙찰
B00594,RFP0129,V038,72449284,1.009,미낙찰
B00595,RFP0129,V113,62663952,0.873,낙찰
B00596,RFP0129,V089,67893094,0.945,미낙찰
B00597,RFP0130,V051,132608779,1.007,낙찰
B00598,RFP0130,V007,107227094,0.814,미낙찰
B00599,RFP0130,V042,122935187,0.933,미낙찰
B00600,RFP0130,V001,139337721,1.058,미낙찰
B00601,RFP0131,V062,231192080,0.846,미낙찰
B00602,RFP0131,V088,241600902,0.884,낙찰
B00603,RFP0131,V053,237751401,0.87,미낙찰
B00604,RFP0132,V054,702546636,0.925,미낙찰
B00605,RFP0132,V022,600836355,0.791,미낙찰
B00606,RFP0132,V088,644093765,0.848,낙찰
B00607,RFP0133,V013,385196051,0.85,낙찰
B00608,RFP0133,V014,454806913,1.003,미낙찰
B00609,RFP0133,V067,401258153,0.885,미낙찰
B00610,RFP0133,V091,401098075,0.885,미낙찰
B00611,RFP0133,V078,421273020,0.929,미낙찰
B00612,RFP0133,V117,453824350,1.001,미낙찰
B00613,RFP0134,V060,606680546,0.904,낙찰
B00614,RFP0134,V025,579451369,0.864,미낙찰
B00615,RFP0134,V079,685611960,1.022,미낙찰
B00616,RFP0134,V059,667991241,0.996,미낙찰
B00617,RFP0134,V007,602503652,0.898,미낙찰
B00618,RFP0134,V106,625998061,0.933,미낙찰
B00619,RFP0135,V032,457145871,0.697,미낙찰
B00620,RFP0135,V112,656418219,1.001,낙찰
B00621,RFP0135,V061,683343295,1.043,미낙찰
B00622,RFP0135,V110,580809270,0.886,미낙찰
B00623,RFP0136,V110,312039241,0.936,미낙찰
B00624,RFP0136,V104,273930278,0.821,미낙찰
B00625,RFP0136,V092,289501236,0.868,미낙찰
B00626,RFP0136,V069,261573638,0.784,낙찰
B00627,RFP0136,V002,306906439,0.92,미낙찰
B00628,RFP0136,V035,290498533,0.871,미낙찰
B00629,RFP0137,V085,340146238,0.873,미낙찰
B00630,RFP0137,V086,341588463,0.877,미낙찰
B00631,RFP0137,V057,360248315,0.925,미낙찰
B00632,RFP0137,V031,327726794,0.842,낙찰
B00633,RFP0138,V018,475029333,0.835,미낙찰
B00634,RFP0138,V074,521174767,0.916,미낙찰
B00635,RFP0138,V070,518698934,0.912,낙찰
B00636,RFP0138,V007,506796400,0.891,미낙찰
B00637,RFP0139,V064,117066827,1.01,미낙찰
B00638,RFP0139,V052,96652636,0.834,낙찰
B00639,RFP0139,V031,126069598,1.088,미낙찰
B00640,RFP0140,V027,284818792,0.854,낙찰
B00641,RFP0140,V008,332974007,0.999,미낙찰
B00642,RFP0140,V108,301691632,0.905,미낙찰
B00643,RFP0140,V082,286824303,0.86,미낙찰
B00644,RFP0140,V006,344921995,1.035,미낙찰
B00645,RFP0141,V013,411167908,0.885,미낙찰
B00646,RFP0141,V067,378581293,0.815,낙찰
B00647,RFP0141,V088,402293997,0.866,미낙찰
B00648,RFP0141,V054,423469478,0.911,미낙찰
B00649,RFP0141,V117,384055379,0.827,미낙찰
B00650,RFP0141,V022,379634667,0.817,미낙찰
B00651,RFP0142,V087,186824704,0.945,미낙찰
B00652,RFP0142,V109,190403545,0.963,미낙찰
B00653,RFP0142,V047,186120619,0.942,낙찰
B00654,RFP0143,V003,68064966,1.013,미낙찰
B00655,RFP0143,V015,63823273,0.95,낙찰
B00656,RFP0143,V023,61504515,0.916,미낙찰
B00657,RFP0143,V113,59229320,0.882,미낙찰
B00658,RFP0143,V080,59285019,0.883,미낙찰
B00659,RFP0143,V089,63772016,0.95,미낙찰
B00660,RFP0144,V105,53471862,0.852,미낙찰
B00661,RFP0144,V016,52214751,0.832,낙찰
B00662,RFP0144,V066,56296331,0.897,미낙찰
B00663,RFP0144,V056,57244702,0.912,미낙찰
B00664,RFP0144,V020,64470028,1.027,미낙찰
B00665,RFP0144,V005,54575286,0.869,미낙찰
B00666,RFP0145,V064,702922320,1.003,미낙찰
B00667,RFP0145,V076,673215155,0.96,미낙찰
B00668,RFP0145,V085,646256799,0.922,낙찰
B00669,RFP0146,V081,203658954,0.923,미낙찰
B00670,RFP0146,V114,189187325,0.857,낙찰
B00671,RFP0146,V056,215774290,0.978,미낙찰
B00672,RFP0147,V031,147638867,0.953,낙찰
B00673,RFP0147,V015,153082584,0.988,미낙찰
B00674,RFP0147,V085,148317730,0.957,미낙찰
B00675,RFP0147,V057,164089666,1.059,미낙찰
B00676,RFP0148,V067,665829119,1.026,미낙찰
B00677,RFP0148,V078,592124225,0.912,낙찰
B00678,RFP0148,V107,577056850,0.889,미낙찰
B00679,RFP0149,V105,324773302,0.957,미낙찰
B00680,RFP0149,V005,298828664,0.88,미낙찰
B00681,RFP0149,V056,328446875,0.968,미낙찰
B00682,RFP0149,V077,321409897,0.947,미낙찰
B00683,RFP0149,V084,295189787,0.87,낙찰
B00684,RFP0149,V102,283907264,0.836,미낙찰
B00685,RFP0150,V067,255495610,0.886,미낙찰
B00686,RFP0150,V091,246143859,0.854,미낙찰
B00687,RFP0150,V088,233210995,0.809,낙찰
B00688,RFP0150,V013,263745069,0.915,미낙찰
B00689,RFP0150,V075,280522412,0.973,미낙찰
B00690,RFP0151,V038,92164425,0.957,미낙찰
B00691,RFP0151,V093,90209226,0.936,미낙찰
B00692,RFP0151,V085,86247417,0.895,미낙찰
B00693,RFP0151,V080,96583345,1.003,미낙찰
B00694,RFP0151,V003,69271032,0.719,미낙찰
B00695,RFP0151,V113,85933092,0.892,낙찰
B00696,RFP0152,V051,210818025,0.979,미낙찰
B00697,RFP0152,V074,181996759,0.846,낙찰
B00698,RFP0152,V017,197672202,0.918,미낙찰
B00699,RFP0153,V083,394640833,0.973,미낙찰
B00700,RFP0153,V001,412906179,1.018,미낙찰
B00701,RFP0153,V007,360321053,0.888,미낙찰
B00702,RFP0153,V055,350677593,0.864,미낙찰
B00703,RFP0153,V116,350587511,0.864,낙찰
B00704,RFP0153,V017,358383914,0.883,미낙찰
B00705,RFP0154,V116,630668998,0.822,미낙찰
B00706,RFP0154,V079,765737600,0.998,미낙찰
B00707,RFP0154,V103,731683187,0.953,미낙찰
B00708,RFP0154,V018,681529572,0.888,낙찰
B00709,RFP0155,V078,91764458,0.96,미낙찰
B00710,RFP0155,V117,79408600,0.831,낙찰
B00711,RFP0155,V014,98462264,1.03,미낙찰
B00712,RFP0155,V053,92914039,0.972,미낙찰
B00713,RFP0155,V088,87043356,0.911,미낙찰
B00714,RFP0156,V067,624792864,0.809,미낙찰
B00715,RFP0156,V026,698967331,0.905,낙찰
B00716,RFP0156,V075,748606756,0.969,미낙찰
B00717,RFP0157,V107,727371155,0.922,미낙찰
B00718,RFP0157,V117,724028934,0.917,미낙찰
B00719,RFP0157,V091,681089593,0.863,낙찰
B00720,RFP0157,V026,721778083,0.915,미낙찰
B00721,RFP0157,V013,731422182,0.927,미낙찰
B00722,RFP0158,V051,245929432,1.04,미낙찰
B00723,RFP0158,V017,215628563,0.912,미낙찰
B00724,RFP0158,V095,237238569,1.003,미낙찰
B00725,RFP0158,V025,173152964,0.732,낙찰
B00726,RFP0158,V033,238731184,1.009,미낙찰
B00727,RFP0159,V061,545341686,1.038,미낙찰
B00728,RFP0159,V063,487088079,0.927,낙찰
B00729,RFP0159,V071,443476472,0.844,미낙찰
B00730,RFP0160,V092,589783196,0.961,미낙찰
B00731,RFP0160,V071,564127652,0.92,낙찰
B00732,RFP0160,V094,509644188,0.831,미낙찰
B00733,RFP0160,V037,578559500,0.943,미낙찰
B00734,RFP0161,V075,302489972,0.897,미낙찰
B00735,RFP0161,V026,313363112,0.929,미낙찰
B00736,RFP0161,V014,313558616,0.93,미낙찰
B00737,RFP0161,V107,317461389,0.941,미낙찰
B00738,RFP0161,V067,271824793,0.806,낙찰
B00739,RFP0162,V011,372146945,0.948,미낙찰
B00740,RFP0162,V021,381833025,0.973,미낙찰
B00741,RFP0162,V084,374630139,0.955,미낙찰
B00742,RFP0162,V114,388345025,0.99,미낙찰
B00743,RFP0162,V066,362774949,0.925,낙찰
B00744,RFP0162,V020,414372774,1.056,미낙찰
B00745,RFP0163,V019,231167786,0.86,미낙찰
B00746,RFP0163,V012,246034735,0.915,미낙찰
B00747,RFP0163,V084,258215887,0.96,미낙찰
B00748,RFP0163,V005,214137413,0.796,낙찰
B00749,RFP0164,V067,420766645,0.796,낙찰
B00750,RFP0164,V075,487898096,0.923,미낙찰
B00751,RFP0164,V117,553210211,1.047,미낙찰
B00752,RFP0164,V022,433477317,0.82,미낙찰
B00753,RFP0165,V014,421577024,1.06,미낙찰
B00754,RFP0165,V107,380025920,0.955,미낙찰
B00755,RFP0165,V065,378968427,0.953,낙찰
B00756,RFP0166,V103,150062629,0.926,미낙찰
B00757,RFP0166,V060,145517350,0.898,미낙찰
B00758,RFP0166,V070,145338227,0.897,미낙찰
B00759,RFP0166,V099,151048504,0.932,미낙찰
B00760,RFP0166,V025,128817689,0.795,낙찰
B00761,RFP0166,V046,113875181,0.703,미낙찰
B00762,RFP0167,V082,392693523,0.826,낙찰
B00763,RFP0167,V050,458944938,0.966,미낙찰
B00764,RFP0167,V058,421084696,0.886,미낙찰
B00765,RFP0167,V030,451118033,0.949,미낙찰
B00766,RFP0168,V075,660165235,0.886,미낙찰
B00767,RFP0168,V067,645103921,0.865,미낙찰
B00768,RFP0168,V014,753071789,1.01,미낙찰
B00769,RFP0168,V004,777099853,1.042,미낙찰
B00770,RFP0168,V107,668010059,0.896,미낙찰
B00771,RFP0168,V062,607778944,0.815,낙찰
B00772,RFP0169,V062,178778794,1.001,미낙찰
B00773,RFP0169,V065,161102420,0.902,낙찰
B00774,RFP0169,V107,161505246,0.904,미낙찰
B00775,RFP0170,V095,587311007,0.917,미낙찰
B00776,RFP0170,V051,637939321,0.996,미낙찰
B00777,RFP0170,V116,640600197,1.0,미낙찰
B00778,RFP0170,V046,531367777,0.83,낙찰
B00779,RFP0170,V074,635257375,0.992,미낙찰
B00780,RFP0171,V097,391797171,0.898,미낙찰
B00781,RFP0171,V030,371745516,0.852,낙찰
B00782,RFP0171,V118,372582638,0.854,미낙찰
B00783,RFP0172,V054,561965240,0.859,미낙찰
B00784,RFP0172,V107,528894488,0.808,미낙찰
B00785,RFP0172,V075,598221747,0.914,미낙찰
B00786,RFP0172,V026,652123471,0.997,미낙찰
B00787,RFP0172,V091,593955549,0.908,낙찰
B00788,RFP0173,V119,410474665,0.887,미낙찰
B00789,RFP0173,V084,370126414,0.8,미낙찰
B00790,RFP0173,V011,413773596,0.894,미낙찰
B00791,RFP0173,V036,391840964,0.847,미낙찰
B00792,RFP0173,V005,404253228,0.874,낙찰
B00793,RFP0173,V102,395190246,0.854,미낙찰
B00794,RFP0174,V089,98935933,1.004,미낙찰
B00795,RFP0174,V064,88282733,0.896,낙찰
B00796,RFP0174,V086,89087807,0.904,미낙찰
B00797,RFP0174,V113,86763153,0.881,미낙찰
B00798,RFP0174,V093,99690154,1.012,미낙찰
B00799,RFP0175,V116,241446168,0.928,미낙찰
B00800,RFP0175,V051,251330590,0.966,미낙찰
B00801,RFP0175,V046,243666588,0.937,미낙찰
B00802,RFP0175,V070,215793336,0.83,낙찰
B00803,RFP0175,V045,250226051,0.962,미낙찰
B00804,RFP0175,V059,257752061,0.991,미낙찰
B00805,RFP0176,V022,598345297,0.934,미낙찰
B00806,RFP0176,V067,595552621,0.93,미낙찰
B00807,RFP0176,V053,535802673,0.837,낙찰
B00808,RFP0177,V022,364063534,0.872,낙찰
B00809,RFP0177,V054,369158442,0.884,미낙찰
B00810,RFP0177,V067,399507507,0.957,미낙찰
B00811,RFP0177,V004,394366586,0.945,미낙찰
B00812,RFP0177,V053,376042654,0.901,미낙찰
B00813,RFP0178,V085,466275786,0.957,미낙찰
B00814,RFP0178,V093,474370649,0.974,미낙찰
B00815,RFP0178,V064,470439876,0.966,미낙찰
B00816,RFP0178,V076,416109666,0.854,미낙찰
B00817,RFP0178,V089,416680123,0.855,미낙찰
B00818,RFP0178,V015,414606184,0.851,낙찰
B00819,RFP0179,V013,241330663,0.938,미낙찰
B00820,RFP0179,V014,264609371,1.029,미낙찰
B00821,RFP0179,V022,231150019,0.899,미낙찰
B00822,RFP0179,V075,213925839,0.832,낙찰
B00823,RFP0179,V067,227760922,0.886,미낙찰
B00824,RFP0180,V094,400984385,0.776,미낙찰
B00825,RFP0180,V063,526066125,1.018,미낙찰
B00826,RFP0180,V032,483823748,0.936,낙찰
B00827,RFP0180,V002,428313033,0.829,미낙찰
B00828,RFP0181,V114,31562894,0.841,미낙찰
B00829,RFP0181,V011,33949214,0.905,미낙찰
B00830,RFP0181,V005,30791419,0.821,미낙찰
B00831,RFP0181,V056,35239146,0.939,미낙찰
B00832,RFP0181,V036,35529506,0.947,미낙찰
B00833,RFP0181,V012,29599183,0.789,낙찰
B00834,RFP0182,V114,122303273,0.902,미낙찰
B00835,RFP0182,V066,132115719,0.974,미낙찰
B00836,RFP0182,V077,129961845,0.958,미낙찰
B00837,RFP0182,V048,121444476,0.896,낙찰
B00838,RFP0182,V105,115210925,0.85,미낙찰
B00839,RFP0183,V053,215858283,0.877,낙찰
B00840,RFP0183,V004,236987010,0.963,미낙찰
B00841,RFP0183,V088,239936345,0.975,미낙찰
B00842,RFP0183,V014,238606124,0.969,미낙찰
B00843,RFP0183,V078,213857936,0.869,미낙찰
B00844,RFP0183,V013,225513446,0.916,미낙찰
B00845,RFP0184,V095,358086372,0.924,미낙찰
B00846,RFP0184,V116,329442236,0.85,미낙찰
B00847,RFP0184,V009,331409282,0.856,미낙찰
B00848,RFP0184,V007,338751364,0.874,낙찰
B00849,RFP0184,V001,432376213,1.116,미낙찰
B00850,RFP0185,V096,172678703,0.78,낙찰
B00851,RFP0185,V019,192466483,0.869,미낙찰
B00852,RFP0185,V081,221759206,1.002,미낙찰
B00853,RFP0185,V056,219669508,0.992,미낙찰
B00854,RFP0185,V020,203661899,0.92,미낙찰
B00855,RFP0185,V005,181083409,0.818,미낙찰
B00856,RFP0186,V084,477503080,0.951,미낙찰
B00857,RFP0186,V114,511203048,1.018,미낙찰
B00858,RFP0186,V081,473573706,0.943,미낙찰
B00859,RFP0186,V020,508218478,1.012,미낙찰
B00860,RFP0186,V096,470790523,0.938,낙찰
B00861,RFP0187,V063,635368633,0.949,미낙찰
B00862,RFP0187,V087,628823161,0.939,미낙찰
B00863,RFP0187,V092,594538739,0.888,미낙찰
B00864,RFP0187,V100,554020221,0.827,낙찰
B00865,RFP0187,V040,678379904,1.013,미낙찰
B00866,RFP0188,V045,81905043,0.921,미낙찰
B00867,RFP0188,V059,82614933,0.929,미낙찰
B00868,RFP0188,V099,84584288,0.951,미낙찰
B00869,RFP0188,V070,75178506,0.845,낙찰
B00870,RFP0188,V033,79824644,0.898,미낙찰
B00871,RFP0189,V072,222638180,0.861,낙찰
B00872,RFP0189,V050,211581702,0.818,미낙찰
B00873,RFP0189,V058,217862742,0.843,미낙찰
B00874,RFP0190,V053,462857119,0.87,미낙찰
B00875,RFP0190,V013,453853037,0.853,낙찰
B00876,RFP0190,V091,480994980,0.904,미낙찰
B00877,RFP0190,V026,475592564,0.894,미낙찰
B00878,RFP0190,V004,531428599,0.999,미낙찰
B00879,RFP0191,V016,444735947,0.894,미낙찰
B00880,RFP0191,V066,468473122,0.942,미낙찰
B00881,RFP0191,V114,434522082,0.873,낙찰
B00882,RFP0192,V057,670907944,1.004,미낙찰
B00883,RFP0192,V085,598291226,0.896,낙찰
B00884,RFP0192,V023,644532493,0.965,미낙찰
B00885,RFP0192,V015,630304889,0.944,미낙찰
B00886,RFP0193,V093,552073298,1.011,미낙찰
B00887,RFP0193,V038,556579609,1.019,미낙찰
B00888,RFP0193,V085,490198797,0.898,미낙찰
B00889,RFP0193,V015,548671008,1.005,미낙찰
B00890,RFP0193,V064,468593354,0.858,미낙찰
B00891,RFP0193,V076,476652756,0.873,낙찰
B00892,RFP0194,V061,622774157,0.965,미낙찰
B00893,RFP0194,V094,628654773,0.974,미낙찰
B00894,RFP0194,V040,565119417,0.875,낙찰
B00895,RFP0195,V025,26446566,0.89,미낙찰
B00896,RFP0195,V099,26902844,0.905,미낙찰
B00897,RFP0195,V059,28957895,0.974,미낙찰
B00898,RFP0195,V018,25995715,0.875,낙찰
B00899,RFP0196,V041,108265431,0.893,낙찰
B00900,RFP0196,V084,114125480,0.941,미낙찰
B00901,RFP0196,V012,119908969,0.989,미낙찰
B00902,RFP0196,V005,95447916,0.787,미낙찰
B00903,RFP0196,V011,103623087,0.854,미낙찰
B00904,RFP0196,V081,126712137,1.045,미낙찰
B00905,RFP0197,V096,607591206,0.899,미낙찰
B00906,RFP0197,V114,574519445,0.85,낙찰
B00907,RFP0197,V036,570569356,0.844,미낙찰
B00908,RFP0197,V048,722876416,1.069,미낙찰
B00909,RFP0197,V034,625673940,0.926,미낙찰
B00910,RFP0198,V018,418798624,0.845,낙찰
B00911,RFP0198,V116,430082788,0.867,미낙찰
B00912,RFP0198,V070,448643913,0.905,미낙찰
B00913,RFP0198,V001,521207038,1.051,미낙찰
B00914,RFP0198,V099,463687074,0.935,미낙찰
B00915,RFP0199,V008,129661323,0.909,미낙찰
B00916,RFP0199,V039,134989639,0.947,미낙찰
B00917,RFP0199,V028,145672592,1.022,미낙찰
B00918,RFP0199,V098,132576647,0.93,미낙찰
B00919,RFP0199,V068,128878858,0.904,낙찰
B00920,RFP0200,V084,312211068,0.849,낙찰
B00921,RFP0200,V019,346352786,0.942,미낙찰
B00922,RFP0200,V048,367231849,0.999,미낙찰
B00923,RFP0200,V011,292925892,0.797,미낙찰
B00924,RFP0200,V105,362503816,0.986,미낙찰
B00925,RFP0200,V077,365847316,0.995,미낙찰
B00926,RFP0201,V047,323021150,0.804,낙찰
B00927,RFP0201,V087,370505907,0.922,미낙찰
B00928,RFP0201,V092,330370447,0.822,미낙찰
B00929,RFP0201,V029,398824750,0.992,미낙찰
B00930,RFP0201,V071,375041110,0.933,미낙찰
B00931,RFP0201,V044,335956028,0.836,미낙찰
B00932,RFP0202,V019,471872896,0.89,미낙찰
B00933,RFP0202,V041,455611610,0.86,미낙찰
B00934,RFP0202,V066,494272954,0.933,미낙찰
B00935,RFP0202,V036,480195047,0.906,미낙찰
B00936,RFP0202,V011,469263776,0.886,낙찰
B00937,RFP0202,V090,470725061,0.888,미낙찰
B00938,RFP0203,V050,473521233,0.893,미낙찰
B00939,RFP0203,V010,413570195,0.78,미낙찰
B00940,RFP0203,V072,504516224,0.951,미낙찰
B00941,RFP0203,V027,474710539,0.895,미낙찰
B00942,RFP0203,V006,548111298,1.033,미낙찰
B00943,RFP0203,V073,456733043,0.861,낙찰
B00944,RFP0204,V062,590198205,0.94,미낙찰
B00945,RFP0204,V054,602302296,0.96,미낙찰
B00946,RFP0204,V013,560876313,0.894,미낙찰
B00947,RFP0204,V107,535637579,0.853,낙찰
B00948,RFP0204,V091,550245378,0.877,미낙찰
B00949,RFP0205,V012,607325090,0.77,미낙찰
B00950,RFP0205,V084,649648831,0.824,미낙찰
B00951,RFP0205,V011,713350190,0.905,낙찰
B00952,RFP0205,V021,728115494,0.923,미낙찰
B00953,RFP0205,V096,643975495,0.817,미낙찰
B00954,RFP0205,V019,692496504,0.878,미낙찰
B00955,RFP0206,V094,388083077,0.905,미낙찰
B00956,RFP0206,V029,386373404,0.901,미낙찰
B00957,RFP0206,V037,417282421,0.973,미낙찰
B00958,RFP0206,V092,380286932,0.887,낙찰
B00959,RFP0206,V112,412745526,0.962,미낙찰
B00960,RFP0207,V107,717491214,0.971,미낙찰
B00961,RFP0207,V067,589177813,0.797,낙찰
B00962,RFP0207,V117,637005141,0.862,미낙찰
B00963,RFP0208,V090,515660756,0.884,미낙찰
B00964,RFP0208,V096,498088734,0.854,낙찰
B00965,RFP0208,V048,598242241,1.026,미낙찰
B00966,RFP0208,V041,586529394,1.005,미낙찰
B00967,RFP0208,V020,524715082,0.9,미낙찰
B00968,RFP0208,V016,545468001,0.935,미낙찰
B00969,RFP0209,V088,608618038,0.929,미낙찰
B00970,RFP0209,V054,615287424,0.939,미낙찰
B00971,RFP0209,V053,634370077,0.968,미낙찰
B00972,RFP0209,V062,587121547,0.896,낙찰
B00973,RFP0209,V022,581694716,0.887,미낙찰
B00974,RFP0210,V032,86575642,0.915,미낙찰
B00975,RFP0210,V071,83079736,0.878,미낙찰
B00976,RFP0210,V040,76887373,0.813,낙찰
B00977,RFP0210,V087,94184593,0.996,미낙찰
B00978,RFP0210,V100,84017998,0.888,미낙찰
B00979,RFP0211,V019,158328823,0.84,미낙찰
B00980,RFP0211,V090,186791344,0.991,미낙찰
B00981,RFP0211,V096,154649833,0.821,낙찰
B00982,RFP0211,V048,181983998,0.966,미낙찰
B00983,RFP0211,V036,180841847,0.96,미낙찰
B00984,RFP0212,V119,180067661,0.948,미낙찰
B00985,RFP0212,V105,170522806,0.898,미낙찰
B00986,RFP0212,V036,167957612,0.885,낙찰
B00987,RFP0213,V039,399565261,0.819,미낙찰
B00988,RFP0213,V058,379896226,0.778,낙찰
B00989,RFP0213,V072,478578982,0.98,미낙찰
B00990,RFP0213,V008,505962504,1.037,미낙찰
B00991,RFP0213,V027,452612813,0.927,미낙찰
B00992,RFP0214,V013,227525100,0.947,미낙찰
B00993,RFP0214,V078,223275967,0.929,미낙찰
B00994,RFP0214,V075,213278931,0.888,낙찰
B00995,RFP0214,V107,234044258,0.974,미낙찰
B00996,RFP0214,V062,227935421,0.949,미낙찰
B00997,RFP0215,V011,147559000,0.855,미낙찰
B00998,RFP0215,V102,156953032,0.91,미낙찰
B00999,RFP0215,V048,188332626,1.092,미낙찰
B01000,RFP0215,V036,141724020,0.821,낙찰
B01001,RFP0216,V108,693484549,0.919,미낙찰
B01002,RFP0216,V118,662125272,0.877,미낙찰
B01003,RFP0216,V050,663063983,0.878,낙찰
B01004,RFP0217,V031,411862693,1.043,미낙찰
B01005,RFP0217,V023,360680166,0.913,미낙찰
B01006,RFP0217,V038,346047949,0.876,낙찰
B01007,RFP0217,V003,384416071,0.973,미낙찰
B01008,RFP0218,V115,337470361,0.771,낙찰
B01009,RFP0218,V008,386606421,0.883,미낙찰
B01010,RFP0218,V050,373467671,0.853,미낙찰
B01011,RFP0218,V043,397988057,0.909,미낙찰
B01012,RFP0218,V082,405320348,0.925,미낙찰
B01013,RFP0219,V100,341989009,0.888,낙찰
B01014,RFP0219,V112,420818303,1.093,미낙찰
B01015,RFP0219,V061,346127995,0.899,미낙찰
B01016,RFP0220,V064,362040257,0.95,낙찰
B01017,RFP0220,V089,329691733,0.865,미낙찰
B01018,RFP0220,V113,364090817,0.955,미낙찰
B01019,RFP0221,V104,186550503,0.855,미낙찰
B01020,RFP0221,V109,233120536,1.069,미낙찰
B01021,RFP0221,V112,215529332,0.988,미낙찰
B01022,RFP0221,V063,205597853,0.943,낙찰
B01023,RFP0222,V076,265756072,0.985,낙찰
B01024,RFP0222,V113,233876835,0.867,미낙찰
B01025,RFP0222,V064,258364164,0.958,미낙찰
B01026,RFP0223,V076,612524178,0.883,낙찰
B01027,RFP0223,V038,676216354,0.975,미낙찰
B01028,RFP0223,V093,584547491,0.843,미낙찰
B01029,RFP0223,V086,545709282,0.787,미낙찰
B01030,RFP0223,V031,650035864,0.937,미낙찰
B01031,RFP0224,V100,642034132,0.857,미낙찰
B01032,RFP0224,V044,679918266,0.907,미낙찰
B01033,RFP0224,V071,695841994,0.928,미낙찰
B01034,RFP0224,V069,619754277,0.827,낙찰
B01035,RFP0224,V111,654119782,0.873,미낙찰
B01036,RFP0225,V093,213419593,0.923,미낙찰
B01037,RFP0225,V101,231694091,1.003,미낙찰
B01038,RFP0225,V076,194774130,0.843,미낙찰
B01039,RFP0225,V003,202054497,0.874,미낙찰
B01040,RFP0225,V113,187136848,0.81,미낙찰
B01041,RFP0225,V052,188274791,0.815,낙찰
B01042,RFP0226,V023,358515951,0.946,미낙찰
B01043,RFP0226,V057,305345715,0.806,낙찰
B01044,RFP0226,V064,388704139,1.026,미낙찰
B01045,RFP0227,V026,149240042,0.932,미낙찰
B01046,RFP0227,V022,136279302,0.851,미낙찰
B01047,RFP0227,V013,132078745,0.825,낙찰
B01048,RFP0227,V078,151785947,0.948,미낙찰
B01049,RFP0227,V014,154834192,0.967,미낙찰
B01050,RFP0228,V097,575660184,0.905,미낙찰
B01051,RFP0228,V068,542428910,0.852,낙찰
B01052,RFP0228,V072,619240384,0.973,미낙찰
B01053,RFP0228,V024,552028254,0.868,미낙찰
B01054,RFP0229,V077,551752010,1.03,미낙찰
B01055,RFP0229,V021,475145647,0.887,미낙찰
B01056,RFP0229,V096,522540203,0.975,미낙찰
B01057,RFP0229,V020,553600889,1.033,미낙찰
B01058,RFP0229,V012,484399722,0.904,낙찰
B01059,RFP0229,V034,472612772,0.882,미낙찰
B01060,RFP0230,V035,553714759,0.867,낙찰
B01061,RFP0230,V104,521400045,0.817,미낙찰
B01062,RFP0230,V037,657111674,1.029,미낙찰
B01063,RFP0230,V069,537790456,0.842,미낙찰
B01064,RFP0230,V094,544511470,0.853,미낙찰
B01065,RFP0231,V120,702678952,0.922,미낙찰
B01066,RFP0231,V006,680184417,0.892,미낙찰
B01067,RFP0231,V115,712410447,0.934,낙찰
B01068,RFP0232,V058,556568663,0.852,낙찰
B01069,RFP0232,V050,651500667,0.997,미낙찰
B01070,RFP0232,V006,574679454,0.879,미낙찰
B01071,RFP0233,V011,526830354,0.862,미낙찰
B01072,RFP0233,V102,521110588,0.852,낙찰
B01073,RFP0233,V019,589103822,0.964,미낙찰
B01074,RFP0234,V054,40418153,0.924,미낙찰
B01075,RFP0234,V062,41691306,0.953,미낙찰
B01076,RFP0234,V013,40210765,0.919,낙찰
B01077,RFP0234,V022,36226440,0.828,미낙찰
B01078,RFP0235,V026,177896738,0.892,미낙찰
B01079,RFP0235,V014,199912420,1.002,미낙찰
B01080,RFP0235,V067,155018627,0.777,낙찰
B01081,RFP0235,V075,200681271,1.006,미낙찰
B01082,RFP0235,V107,159401316,0.799,미낙찰
B01083,RFP0235,V004,189504639,0.95,미낙찰
B01084,RFP0236,V030,685384733,0.895,낙찰
B01085,RFP0236,V008,734137433,0.959,미낙찰
B01086,RFP0236,V024,725029288,0.947,미낙찰
B01087,RFP0236,V027,592944406,0.774,미낙찰
B01088,RFP0237,V022,140421526,0.898,미낙찰
B01089,RFP0237,V062,136575717,0.874,낙찰
B01090,RFP0237,V078,147807275,0.946,미낙찰
B01091,RFP0238,V005,574982609,0.777,미낙찰
B01092,RFP0238,V119,740505601,1.0,미낙찰
B01093,RFP0238,V020,706012667,0.954,미낙찰
B01094,RFP0238,V105,674347028,0.911,미낙찰
B01095,RFP0238,V011,661788458,0.894,미낙찰
B01096,RFP0238,V036,616502957,0.833,낙찰
B01097,RFP0239,V022,395363750,0.924,낙찰
B01098,RFP0239,V013,388853454,0.909,미낙찰
B01099,RFP0239,V065,371400776,0.868,미낙찰
B01100,RFP0240,V038,475437310,1.069,미낙찰
B01101,RFP0240,V080,409886460,0.921,낙찰
B01102,RFP0240,V031,459878118,1.034,미낙찰
B01103,RFP0240,V085,427499545,0.961,미낙찰
B01104,RFP0241,V042,685681199,0.962,미낙찰
B01105,RFP0241,V045,664301488,0.932,낙찰
B01106,RFP0241,V018,622016941,0.873,미낙찰
B01107,RFP0241,V060,689331567,0.967,미낙찰
B01108,RFP0242,V062,102831238,0.917,낙찰
B01109,RFP0242,V117,118821721,1.06,미낙찰
B01110,RFP0242,V026,110372331,0.984,미낙찰
B01111,RFP0242,V054,98727780,0.88,미낙찰
B01112,RFP0243,V027,522676677,0.745,미낙찰
B01113,RFP0243,V108,676608207,0.965,미낙찰
B01114,RFP0243,V068,575323502,0.82,낙찰
B01115,RFP0243,V072,756042561,1.078,미낙찰
B01116,RFP0243,V097,658142056,0.939,미낙찰
B01117,RFP0244,V047,312423695,0.871,미낙찰
B01118,RFP0244,V069,293590564,0.819,미낙찰
B01119,RFP0244,V071,316050789,0.881,낙찰
B01120,RFP0244,V109,345487079,0.963,미낙찰
B01121,RFP0245,V099,134102814,0.984,미낙찰
B01122,RFP0245,V049,138013653,1.013,미낙찰
B01123,RFP0245,V017,127274419,0.934,미낙찰
B01124,RFP0245,V060,143500822,1.053,미낙찰
B01125,RFP0245,V083,119326185,0.876,낙찰
B01126,RFP0245,V046,128879650,0.946,미낙찰
B01127,RFP0246,V101,468820828,1.019,미낙찰
B01128,RFP0246,V076,459385650,0.999,미낙찰
B01129,RFP0246,V085,411624395,0.895,낙찰
B01130,RFP0246,V031,450275899,0.979,미낙찰
B01131,RFP0247,V026,86719547,0.988,미낙찰
B01132,RFP0247,V004,90403474,1.03,미낙찰
B01133,RFP0247,V022,75336189,0.858,낙찰
B01134,RFP0247,V065,75666427,0.862,미낙찰
B01135,RFP0247,V054,77159815,0.879,미낙찰
B01136,RFP0248,V004,517807594,1.025,낙찰
B01137,RFP0248,V088,392346597,0.777,미낙찰
B01138,RFP0248,V078,410661700,0.813,미낙찰
B01139,RFP0249,V026,657693035,1.06,미낙찰
B01140,RFP0249,V013,553801303,0.892,미낙찰
B01141,RFP0249,V065,547307981,0.882,낙찰
B01142,RFP0249,V091,563836853,0.908,미낙찰
B01143,RFP0249,V053,627085015,1.01,미낙찰
B01144,RFP0250,V030,602386314,0.895,낙찰
B01145,RFP0250,V043,592024102,0.88,미낙찰
B01146,RFP0250,V068,614989830,0.914,미낙찰
B01147,RFP0250,V008,742296368,1.103,미낙찰
B01148,RFP0251,V032,123321400,0.972,미낙찰
B01149,RFP0251,V040,117546178,0.926,낙찰
B01150,RFP0251,V104,108260665,0.853,미낙찰
B01151,RFP0251,V029,107755848,0.849,미낙찰
B01152,RFP0252,V006,402416358,0.927,미낙찰
B01153,RFP0252,V058,368984177,0.85,미낙찰
B01154,RFP0252,V024,363502560,0.838,낙찰
B01155,RFP0252,V098,422198453,0.973,미낙찰
B01156,RFP0252,V043,397836570,0.917,미낙찰
B01157,RFP0252,V010,410377751,0.946,미낙찰
B01158,RFP0253,V031,459719977,0.873,미낙찰
B01159,RFP0253,V076,481890004,0.916,미낙찰
B01160,RFP0253,V003,448003671,0.851,미낙찰
B01161,RFP0253,V052,490132618,0.931,미낙찰
B01162,RFP0253,V015,457223149,0.869,낙찰
B01163,RFP0254,V038,683873337,0.979,미낙찰
B01164,RFP0254,V052,602861964,0.863,낙찰
B01165,RFP0254,V015,667698707,0.956,미낙찰
B01166,RFP0254,V003,655279213,0.938,미낙찰
B01167,RFP0254,V064,660971173,0.947,미낙찰
B01168,RFP0255,V042,567214011,0.956,미낙찰
B01169,RFP0255,V045,546524159,0.921,미낙찰
B01170,RFP0255,V018,529996893,0.894,낙찰
B01171,RFP0255,V059,633216448,1.068,미낙찰
B01172,RFP0255,V049,547532210,0.923,미낙찰
B01173,RFP0255,V106,573055286,0.966,미낙찰
B01174,RFP0256,V099,304844419,0.978,미낙찰
B01175,RFP0256,V009,294266448,0.944,낙찰
B01176,RFP0256,V059,303528610,0.974,미낙찰
B01177,RFP0256,V001,316102216,1.014,미낙찰
B01178,RFP0257,V085,56497670,0.878,미낙찰
B01179,RFP0257,V052,63731892,0.99,미낙찰
B01180,RFP0257,V080,64173306,0.997,미낙찰
B01181,RFP0257,V089,64165222,0.997,미낙찰
B01182,RFP0257,V076,52849815,0.821,낙찰
B01183,RFP0258,V090,176982269,0.84,미낙찰
B01184,RFP0258,V066,194903873,0.925,낙찰
B01185,RFP0258,V056,229782178,1.091,미낙찰
B01186,RFP0259,V049,70847022,0.945,미낙찰
B01187,RFP0259,V074,68888612,0.919,미낙찰
B01188,RFP0259,V055,59083422,0.788,낙찰
B01189,RFP0259,V059,71051272,0.948,미낙찰
B01190,RFP0259,V099,66305828,0.884,미낙찰
B01191,RFP0260,V063,578577417,0.977,미낙찰
B01192,RFP0260,V002,541048804,0.914,낙찰
B01193,RFP0260,V069,521369146,0.881,미낙찰
